Freq.,n001)/V,Rl)
Step Information: X=2  ,,
2.00E+03,3.503625724,-7.892564317
2.01E+03,3.503580529,-7.892609513
Step Information: X=3  ,,
2.00E+03,3.562778008,-7.791978179
2.01E+03,3.562761887,-7.7919943
Step Information: X=4  ,,
2.00E+03,3.631795439,-7.755472078
2.01E+03,3.631753248,-7.755514269
Step Information: X=5  ,,
2.00E+03,3.579202601,-7.828040767
2.01E+03,3.579166471,-7.828076898
Step Information: X=6  ,,
2.00E+03,3.623713241,-7.742591499
2.01E+03,3.623664456,-7.742640284
Step Information: X=7  ,,
2.00E+03,3.608442529,-7.780104111
2.01E+03,3.608394757,-7.780151883
Step Information: X=8  ,,
2.00E+03,3.735710357,-7.697864241
2.01E+03,3.735677421,-7.697897177
Step Information: X=9  ,,
2.00E+03,3.622931098,-7.772264976
2.01E+03,3.622882452,-7.772313621
Step Information: X=10  ,,
2.00E+03,3.658789894,-7.727021905
2.01E+03,3.658762773,-7.727049026
Step Information: X=11  ,,
2.00E+03,3.594482965,-7.817014258
2.01E+03,3.594442689,-7.817054533
Step Information: X=12  ,,
2.00E+03,3.429418996,-7.951243342
2.01E+03,3.429371006,-7.951291332
Step Information: X=13  ,,
2.00E+03,3.574224871,-7.795276716
2.01E+03,3.574203607,-7.79529798
Step Information: X=14  ,,
2.00E+03,3.614588654,-7.805294838
2.01E+03,3.614563924,-7.805319568
Step Information: X=15  ,,
2.00E+03,3.684889987,-7.678015685
2.01E+03,3.684849752,-7.67805592
Step Information: X=16  ,,
2.00E+03,3.687064125,-7.690832969
2.01E+03,3.687021874,-7.69087522
Step Information: X=17  ,,
2.00E+03,3.625289687,-7.805895117
2.01E+03,3.625255139,-7.805929665
Step Information: X=18  ,,
2.00E+03,3.693354691,-7.677936377
2.01E+03,3.693336462,-7.677954606
Step Information: X=19  ,,
2.00E+03,3.524978582,-7.8929746
2.01E+03,3.524937359,-7.893015823
Step Information: X=20  ,,
2.00E+03,3.62010201,-7.807939058
2.01E+03,3.620070619,-7.807970449
Step Information: X=21  ,,
2.00E+03,3.606363352,-7.753753098
2.01E+03,3.606328804,-7.753787646
Step Information: X=22  ,,
2.00E+03,3.651567944,-7.71634355
2.01E+03,3.651526428,-7.716385066
Step Information: X=23  ,,
2.00E+03,3.54932187,-7.890832624
2.01E+03,3.549302353,-7.890852141
Step Information: X=24  ,,
2.00E+03,3.780919295,-7.640082641
2.01E+03,3.780880716,-7.64012122
Step Information: X=25  ,,
2.00E+03,3.62931908,-7.796719922
2.01E+03,3.629279698,-7.796759304
Step Information: X=26  ,,
2.00E+03,3.531019413,-7.839473137
2.01E+03,3.530982749,-7.839509801
Step Information: X=27  ,,
2.00E+03,3.703614636,-7.710769388
2.01E+03,3.70357875,-7.710805274
Step Information: X=28  ,,
2.00E+03,3.705485746,-7.732889289
2.01E+03,3.705455931,-7.732919105
Step Information: X=29  ,,
2.00E+03,3.561809774,-7.820964569
2.01E+03,3.561778954,-7.820995389
Step Information: X=30  ,,
2.00E+03,3.626076594,-7.771968115
2.01E+03,3.626035956,-7.772008754
Step Information: X=31  ,,
2.00E+03,3.610654213,-7.8250194
2.01E+03,3.610608558,-7.825065055
Step Information: X=32  ,,
2.00E+03,3.455870034,-7.9264807
2.01E+03,3.455844521,-7.926506213
Step Information: X=33  ,,
2.00E+03,3.685375563,-7.702001973
2.01E+03,3.685337676,-7.70203986
Step Information: X=34  ,,
2.00E+03,3.648340948,-7.767469903
2.01E+03,3.648292022,-7.767518829
Step Information: X=35  ,,
2.00E+03,3.590772099,-7.794665977
2.01E+03,3.590744937,-7.79469314
Step Information: X=36  ,,
2.00E+03,3.611422732,-7.771610533
2.01E+03,3.611406224,-7.77162704
Step Information: X=37  ,,
2.00E+03,3.620735708,-7.744138307
2.01E+03,3.620708588,-7.744165427
Step Information: X=38  ,,
2.00E+03,3.572428424,-7.839384521
2.01E+03,3.572391627,-7.839421318
Step Information: X=39  ,,
2.00E+03,3.506707552,-7.869571276
2.01E+03,3.506685528,-7.869593301
Step Information: X=40  ,,
2.00E+03,3.668447533,-7.694996155
2.01E+03,3.668423482,-7.695020205
Step Information: X=41  ,,
2.00E+03,3.634727852,-7.793651139
2.01E+03,3.634699397,-7.793679594
Step Information: X=42  ,,
2.00E+03,3.503239408,-7.888319263
2.01E+03,3.503191188,-7.888367483
Step Information: X=43  ,,
2.00E+03,3.731979342,-7.62675993
2.01E+03,3.731954553,-7.626784719
Step Information: X=44  ,,
2.00E+03,3.566070608,-7.822936805
2.01E+03,3.566035955,-7.822971459
Step Information: X=45  ,,
2.00E+03,3.693847461,-7.741932746
2.01E+03,3.693828917,-7.741951291
Step Information: X=46  ,,
2.00E+03,3.619423249,-7.768294992
2.01E+03,3.619406857,-7.768311383
Step Information: X=47  ,,
2.00E+03,3.740612675,-7.683229259
2.01E+03,3.740588374,-7.68325356
Step Information: X=48  ,,
2.00E+03,3.488103505,-7.927595676
2.01E+03,3.488047406,-7.927651774
Step Information: X=49  ,,
2.00E+03,3.721394292,-7.712488107
2.01E+03,3.721371761,-7.712510638
Step Information: X=50  ,,
2.00E+03,3.685988088,-7.706875404
2.01E+03,3.68597016,-7.706893332
Step Information: X=51  ,,
2.00E+03,3.54318573,-7.87625567
2.01E+03,3.543156685,-7.876284715
Step Information: X=52  ,,
2.00E+03,3.604480296,-7.803848135
2.01E+03,3.604455359,-7.803873073
Step Information: X=53  ,,
2.00E+03,3.666689723,-7.745394496
2.01E+03,3.666653275,-7.745430943
Step Information: X=54  ,,
2.00E+03,3.637160038,-7.751783096
2.01E+03,3.637114825,-7.75182831
Step Information: X=55  ,,
2.00E+03,3.643618491,-7.723906006
2.01E+03,3.64358509,-7.723939407
Step Information: X=56  ,,
2.00E+03,3.538645042,-7.832801815
2.01E+03,3.538611452,-7.832835405
Step Information: X=57  ,,
2.00E+03,3.559289716,-7.856575666
2.01E+03,3.559268308,-7.856597074
Step Information: X=58  ,,
2.00E+03,3.608631945,-7.780351364
2.01E+03,3.608598324,-7.780384986
Step Information: X=59  ,,
2.00E+03,3.578465447,-7.787567087
2.01E+03,3.57842944,-7.787603094
Step Information: X=60  ,,
2.00E+03,3.513366027,-7.886132581
2.01E+03,3.513323546,-7.886175061
Step Information: X=61  ,,
2.00E+03,3.601305982,-7.813603304
2.01E+03,3.601290779,-7.813618507
Step Information: X=62  ,,
2.00E+03,3.695312779,-7.706439984
2.01E+03,3.695296218,-7.706456545
Step Information: X=63  ,,
2.00E+03,3.583382782,-7.83114429
2.01E+03,3.583363826,-7.831163246
Step Information: X=64  ,,
2.00E+03,3.604629345,-7.777702497
2.01E+03,3.604603817,-7.777728025
Step Information: X=65  ,,
2.00E+03,3.596230071,-7.839303935
2.01E+03,3.596205964,-7.839328042
Step Information: X=66  ,,
2.00E+03,3.646837567,-7.760825311
2.01E+03,3.646820916,-7.760841962
Step Information: X=67  ,,
2.00E+03,3.547378216,-7.87694215
2.01E+03,3.547333004,-7.876987362
Step Information: X=68  ,,
2.00E+03,3.655351254,-7.76961689
2.01E+03,3.655331167,-7.769636977
Step Information: X=69  ,,
2.00E+03,3.681365906,-7.682640273
2.01E+03,3.681318382,-7.682687797
Step Information: X=70  ,,
2.00E+03,3.57278634,-7.859349564
2.01E+03,3.57273212,-7.859403785
Step Information: X=71  ,,
2.00E+03,3.706985577,-7.710892479
2.01E+03,3.706942908,-7.710935148
Step Information: X=72  ,,
2.00E+03,3.630868447,-7.773416885
2.01E+03,3.630846372,-7.77343896
Step Information: X=73  ,,
2.00E+03,3.70825415,-7.651701695
2.01E+03,3.708205977,-7.651749869
Step Information: X=74  ,,
2.00E+03,3.510543174,-7.861351763
2.01E+03,3.510524592,-7.861370346
Step Information: X=75  ,,
2.00E+03,3.599980446,-7.78423586
2.01E+03,3.599963114,-7.784253191
Step Information: X=76  ,,
2.00E+03,3.647566395,-7.756434687
2.01E+03,3.647542599,-7.756458483
Step Information: X=77  ,,
2.00E+03,3.581262466,-7.840534161
2.01E+03,3.58122842,-7.840568207
Step Information: X=78  ,,
2.00E+03,3.625236135,-7.807465345
2.01E+03,3.625199424,-7.807502057
Step Information: X=79  ,,
2.00E+03,3.579746735,-7.831763536
2.01E+03,3.579727926,-7.831782345
Step Information: X=80  ,,
2.00E+03,3.553094013,-7.831378092
2.01E+03,3.553052906,-7.831419198
Step Information: X=81  ,,
2.00E+03,3.650226101,-7.738277664
2.01E+03,3.650204221,-7.738299544
Step Information: X=82  ,,
2.00E+03,3.539038481,-7.833768296
2.01E+03,3.539011623,-7.833795155
Step Information: X=83  ,,
2.00E+03,3.724261559,-7.669883498
2.01E+03,3.724214197,-7.66993086
Step Information: X=84  ,,
2.00E+03,3.599853806,-7.779685621
2.01E+03,3.599826585,-7.779712842
Step Information: X=85  ,,
2.00E+03,3.549976239,-7.843239139
2.01E+03,3.549918812,-7.843296566
Step Information: X=86  ,,
2.00E+03,3.542826884,-7.854191482
2.01E+03,3.542770648,-7.854247717
Step Information: X=87  ,,
2.00E+03,3.628006704,-7.729153194
2.01E+03,3.627976967,-7.729182931
Step Information: X=88  ,,
2.00E+03,3.762910846,-7.595068242
2.01E+03,3.76288939,-7.595089698
Step Information: X=89  ,,
2.00E+03,3.639449675,-7.729024167
2.01E+03,3.639403723,-7.729070119
Step Information: X=90  ,,
2.00E+03,3.625068805,-7.792902509
2.01E+03,3.62502962,-7.792941694
Step Information: X=91  ,,
2.00E+03,3.65460932,-7.708975024
2.01E+03,3.654573512,-7.709010832
Step Information: X=92  ,,
2.00E+03,3.524330274,-7.835229472
2.01E+03,3.524310309,-7.835249437
Step Information: X=93  ,,
2.00E+03,3.577574899,-7.855737602
2.01E+03,3.577529953,-7.855782547
Step Information: X=94  ,,
2.00E+03,3.572851533,-7.796948557
2.01E+03,3.572795972,-7.797004117
Step Information: X=95  ,,
2.00E+03,3.616372035,-7.804807996
2.01E+03,3.61635144,-7.804828591
Step Information: X=96  ,,
2.00E+03,3.550011357,-7.824912981
2.01E+03,3.549963582,-7.824960756
Step Information: X=97  ,,
2.00E+03,3.695204941,-7.724696644
2.01E+03,3.695155644,-7.724745941
Step Information: X=98  ,,
2.00E+03,3.650870737,-7.704712476
2.01E+03,3.650820599,-7.704762614
Step Information: X=99  ,,
2.00E+03,3.65070629,-7.760334107
2.01E+03,3.650661499,-7.760378898
Step Information: X=100  ,,
2.00E+03,3.721139361,-7.693819314
2.01E+03,3.721088973,-7.693869702
Step Information: X=101  ,,
2.00E+03,3.686427247,-7.679957214
2.01E+03,3.686404589,-7.679979872
Step Information: X=102  ,,
2.00E+03,3.758631112,-7.617897713
2.01E+03,3.758611161,-7.617917664
Step Information: X=103  ,,
2.00E+03,3.614302323,-7.754807494
2.01E+03,3.614270885,-7.754838932
Step Information: X=104  ,,
2.00E+03,3.600776033,-7.81696989
2.01E+03,3.600717836,-7.817028087
Step Information: X=105  ,,
2.00E+03,3.609040335,-7.809653392
2.01E+03,3.609004587,-7.809689141
Step Information: X=106  ,,
2.00E+03,3.515891355,-7.894966243
2.01E+03,3.515866496,-7.894991103
Step Information: X=107  ,,
2.00E+03,3.659259451,-7.774335502
2.01E+03,3.659216088,-7.774378864
Step Information: X=108  ,,
2.00E+03,3.731299492,-7.69285371
2.01E+03,3.731265878,-7.692887324
Step Information: X=109  ,,
2.00E+03,3.548149825,-7.838151067
2.01E+03,3.548118111,-7.838182781
Step Information: X=110  ,,
2.00E+03,3.475931542,-7.951832947
2.01E+03,3.475903879,-7.95186061
Step Information: X=111  ,,
2.00E+03,3.617623255,-7.748436778
2.01E+03,3.617585537,-7.748474496
Step Information: X=112  ,,
2.00E+03,3.683351689,-7.735142723
2.01E+03,3.683333477,-7.735160935
Step Information: X=113  ,,
2.00E+03,3.698146674,-7.659846292
2.01E+03,3.698109331,-7.659883636
Step Information: X=114  ,,
2.00E+03,3.528756521,-7.877586843
2.01E+03,3.528721342,-7.877622022
Step Information: X=115  ,,
2.00E+03,3.660017474,-7.727754409
2.01E+03,3.659986921,-7.727784961
Step Information: X=116  ,,
2.00E+03,3.53691768,-7.901267568
2.01E+03,3.536871975,-7.901313272
Step Information: X=117  ,,
2.00E+03,3.65952139,-7.714915576
2.01E+03,3.659465564,-7.714971402
Step Information: X=118  ,,
2.00E+03,3.672273072,-7.688402493
2.01E+03,3.672229162,-7.688446403
Step Information: X=119  ,,
2.00E+03,3.618194148,-7.757761209
2.01E+03,3.618145414,-7.757809943
Step Information: X=120  ,,
2.00E+03,3.665752532,-7.774172152
2.01E+03,3.665730945,-7.774193738
Step Information: X=121  ,,
2.00E+03,3.583898715,-7.776738111
2.01E+03,3.583870178,-7.776766648
Step Information: X=122  ,,
2.00E+03,3.575383799,-7.813971712
2.01E+03,3.575334708,-7.814020802
Step Information: X=123  ,,
2.00E+03,3.684680311,-7.692864063
2.01E+03,3.684655535,-7.692888839
Step Information: X=124  ,,
2.00E+03,3.636769856,-7.792082516
2.01E+03,3.636750537,-7.792101835
Step Information: X=125  ,,
2.00E+03,3.64066735,-7.793133657
2.01E+03,3.640629219,-7.793171788
Step Information: X=126  ,,
2.00E+03,3.610137289,-7.759591607
2.01E+03,3.610101973,-7.759626924
Step Information: X=127  ,,
2.00E+03,3.548577268,-7.883418459
2.01E+03,3.548559821,-7.883435907
Step Information: X=128  ,,
2.00E+03,3.576843072,-7.852717612
2.01E+03,3.576818421,-7.852742262
Step Information: X=129  ,,
2.00E+03,3.672753319,-7.752749134
2.01E+03,3.672711718,-7.752790736
Step Information: X=130  ,,
2.00E+03,3.580631065,-7.797309432
2.01E+03,3.580599238,-7.797341258
Step Information: X=131  ,,
2.00E+03,3.631475075,-7.781203561
2.01E+03,3.631440304,-7.781238332
Step Information: X=132  ,,
2.00E+03,3.609174268,-7.77444937
2.01E+03,3.609147848,-7.774475791
Step Information: X=133  ,,
2.00E+03,3.628682244,-7.749054788
2.01E+03,3.62863846,-7.749098572
Step Information: X=134  ,,
2.00E+03,3.712339975,-7.695833905
2.01E+03,3.712304686,-7.695869194
Step Information: X=135  ,,
2.00E+03,3.600853231,-7.790416994
2.01E+03,3.600822175,-7.790448051
Step Information: X=136  ,,
2.00E+03,3.605598164,-7.792902309
2.01E+03,3.605570516,-7.792929957
Step Information: X=137  ,,
2.00E+03,3.651399395,-7.788315629
2.01E+03,3.65137615,-7.788338874
Step Information: X=138  ,,
2.00E+03,3.556299416,-7.816752903
2.01E+03,3.556259586,-7.816792733
Step Information: X=139  ,,
2.00E+03,3.587591487,-7.827063009
2.01E+03,3.58753964,-7.827114855
Step Information: X=140  ,,
2.00E+03,3.576646793,-7.829344712
2.01E+03,3.576618541,-7.829372963
Step Information: X=141  ,,
2.00E+03,3.611273423,-7.820737598
2.01E+03,3.611249174,-7.820761846
Step Information: X=142  ,,
2.00E+03,3.599562202,-7.774035518
2.01E+03,3.59950872,-7.774089
Step Information: X=143  ,,
2.00E+03,3.595441852,-7.777828669
2.01E+03,3.595408441,-7.777862079
Step Information: X=144  ,,
2.00E+03,3.510453691,-7.924498799
2.01E+03,3.510404896,-7.924547594
Step Information: X=145  ,,
2.00E+03,3.615662615,-7.751342871
2.01E+03,3.615629018,-7.751376467
Step Information: X=146  ,,
2.00E+03,3.505631044,-7.863073118
2.01E+03,3.505589488,-7.863114675
Step Information: X=147  ,,
2.00E+03,3.486228356,-7.917380414
2.01E+03,3.486179163,-7.917429607
Step Information: X=148  ,,
2.00E+03,3.617928265,-7.760966524
2.01E+03,3.617913241,-7.760981547
Step Information: X=149  ,,
2.00E+03,3.584461043,-7.799518244
2.01E+03,3.584441602,-7.799537686
Step Information: X=150  ,,
2.00E+03,3.586293037,-7.795120704
2.01E+03,3.586262067,-7.795151674
Step Information: X=151  ,,
2.00E+03,3.632974882,-7.797170937
2.01E+03,3.632923021,-7.797222798
Step Information: X=152  ,,
2.00E+03,3.659924812,-7.712267808
2.01E+03,3.659898252,-7.712294368
Step Information: X=153  ,,
2.00E+03,3.722770848,-7.702947291
2.01E+03,3.722746616,-7.702971524
Step Information: X=154  ,,
2.00E+03,3.558986642,-7.804175664
2.01E+03,3.558935835,-7.80422647
Step Information: X=155  ,,
2.00E+03,3.645900075,-7.774735232
2.01E+03,3.645868865,-7.774766442
Step Information: X=156  ,,
2.00E+03,3.615434878,-7.794393111
2.01E+03,3.61541315,-7.794414839
Step Information: X=157  ,,
2.00E+03,3.689908744,-7.677470242
2.01E+03,3.689890304,-7.677488682
Step Information: X=158  ,,
2.00E+03,3.565217321,-7.859177616
2.01E+03,3.565192784,-7.859202153
Step Information: X=159  ,,
2.00E+03,3.508546859,-7.871804456
2.01E+03,3.508504191,-7.871847124
Step Information: X=160  ,,
2.00E+03,3.550685548,-7.848768076
2.01E+03,3.550638734,-7.848814889
Step Information: X=161  ,,
2.00E+03,3.49898664,-7.911309267
2.01E+03,3.498965175,-7.911330732
Step Information: X=162  ,,
2.00E+03,3.714744719,-7.655632915
2.01E+03,3.714714469,-7.655663166
Step Information: X=163  ,,
2.00E+03,3.544065251,-7.822838593
2.01E+03,3.544036717,-7.822867127
Step Information: X=164  ,,
2.00E+03,3.621304789,-7.784718231
2.01E+03,3.62126577,-7.78475725
Step Information: X=165  ,,
2.00E+03,3.631718991,-7.727308644
2.01E+03,3.631667929,-7.727359706
Step Information: X=166  ,,
2.00E+03,3.62047274,-7.766990655
2.01E+03,3.620443276,-7.767020119
Step Information: X=167  ,,
2.00E+03,3.604621602,-7.821332703
2.01E+03,3.604591964,-7.821362341
Step Information: X=168  ,,
2.00E+03,3.597380485,-7.785186127
2.01E+03,3.597353661,-7.785212951
Step Information: X=169  ,,
2.00E+03,3.530494246,-7.863240703
2.01E+03,3.530455785,-7.863279164
Step Information: X=170  ,,
2.00E+03,3.680295161,-7.748605814
2.01E+03,3.680280948,-7.748620027
Step Information: X=171  ,,
2.00E+03,3.577726297,-7.782689131
2.01E+03,3.577703486,-7.782711942
Step Information: X=172  ,,
2.00E+03,3.57972138,-7.853664923
2.01E+03,3.579682416,-7.853703887
Step Information: X=173  ,,
2.00E+03,3.597987776,-7.761533181
2.01E+03,3.597967372,-7.761553585
Step Information: X=174  ,,
2.00E+03,3.610741288,-7.791431004
2.01E+03,3.610695373,-7.79147692
Step Information: X=175  ,,
2.00E+03,3.636280876,-7.750221485
2.01E+03,3.636245613,-7.750256747
Step Information: X=176  ,,
2.00E+03,3.573400777,-7.82302563
2.01E+03,3.573383055,-7.823043352
Step Information: X=177  ,,
2.00E+03,3.595709266,-7.797242211
2.01E+03,3.595667316,-7.797284161
Step Information: X=178  ,,
2.00E+03,3.525085407,-7.829241642
2.01E+03,3.525055561,-7.829271487
Step Information: X=179  ,,
2.00E+03,3.588087425,-7.812904917
2.01E+03,3.588061376,-7.812930966
Step Information: X=180  ,,
2.00E+03,3.684089126,-7.698817385
2.01E+03,3.684061482,-7.698845028
Step Information: X=181  ,,
2.00E+03,3.609672538,-7.79542555
2.01E+03,3.609646928,-7.79545116
Step Information: X=182  ,,
2.00E+03,3.611852521,-7.813988843
2.01E+03,3.611814146,-7.814027218
Step Information: X=183  ,,
2.00E+03,3.736810496,-7.662868025
2.01E+03,3.736766294,-7.662912226
Step Information: X=184  ,,
2.00E+03,3.643864472,-7.742038717
2.01E+03,3.643821406,-7.742081783
Step Information: X=185  ,,
2.00E+03,3.589002024,-7.789564845
2.01E+03,3.588978226,-7.789588643
Step Information: X=186  ,,
2.00E+03,3.582914167,-7.775581031
2.01E+03,3.5828879,-7.775607298
Step Information: X=187  ,,
2.00E+03,3.540679032,-7.8362328
2.01E+03,3.54064213,-7.836269702
Step Information: X=188  ,,
2.00E+03,3.72518962,-7.684028914
2.01E+03,3.725161294,-7.68405724
Step Information: X=189  ,,
2.00E+03,3.660484768,-7.742088396
2.01E+03,3.660437545,-7.742135619
Step Information: X=190  ,,
2.00E+03,3.636610319,-7.789970029
2.01E+03,3.636577601,-7.790002747
Step Information: X=191  ,,
2.00E+03,3.53625394,-7.878114477
2.01E+03,3.536204043,-7.878164375
Step Information: X=192  ,,
2.00E+03,3.622926315,-7.815527154
2.01E+03,3.622879099,-7.81557437
Step Information: X=193  ,,
2.00E+03,3.683990774,-7.689337015
2.01E+03,3.683970316,-7.689357473
Step Information: X=194  ,,
2.00E+03,3.501387527,-7.861093015
2.01E+03,3.501363661,-7.861116881
Step Information: X=195  ,,
2.00E+03,3.66812557,-7.761276625
2.01E+03,3.668075083,-7.761327112
Step Information: X=196  ,,
2.00E+03,3.666296544,-7.759842542
2.01E+03,3.666264642,-7.759874444
Step Information: X=197  ,,
2.00E+03,3.658538994,-7.746585384
2.01E+03,3.658518982,-7.746605396
Step Information: X=198  ,,
2.00E+03,3.728837802,-7.663342838
2.01E+03,3.728813776,-7.663366864
Step Information: X=199  ,,
2.00E+03,3.62137404,-7.752975769
2.01E+03,3.621342195,-7.753007615
Step Information: X=200  ,,
2.00E+03,3.636390949,-7.726887231
2.01E+03,3.63635373,-7.72692445
Step Information: X=201  ,,
2.00E+03,3.650244984,-7.725332384
2.01E+03,3.65021748,-7.725359889
Step Information: X=202  ,,
2.00E+03,3.494893322,-7.862219345
2.01E+03,3.49484737,-7.862265297
Step Information: X=203  ,,
2.00E+03,3.708557386,-7.729774634
2.01E+03,3.708507185,-7.729824835
Step Information: X=204  ,,
2.00E+03,3.536276263,-7.840825652
2.01E+03,3.536225651,-7.840876264
Step Information: X=205  ,,
2.00E+03,3.685072381,-7.673622519
2.01E+03,3.685015659,-7.673679241
Step Information: X=206  ,,
2.00E+03,3.638068404,-7.789122157
2.01E+03,3.638023476,-7.789167086
Step Information: X=207  ,,
2.00E+03,3.58214947,-7.820811202
2.01E+03,3.58210517,-7.820855502
Step Information: X=208  ,,
2.00E+03,3.657726195,-7.734115487
2.01E+03,3.657692244,-7.734149438
Step Information: X=209  ,,
2.00E+03,3.620247692,-7.749467512
2.01E+03,3.620221804,-7.7494934
Step Information: X=210  ,,
2.00E+03,3.522888589,-7.892348175
2.01E+03,3.522857438,-7.892379325
Step Information: X=211  ,,
2.00E+03,3.723346598,-7.659344119
2.01E+03,3.723298328,-7.659392389
Step Information: X=212  ,,
2.00E+03,3.709020479,-7.707942597
2.01E+03,3.708971097,-7.707991979
Step Information: X=213  ,,
2.00E+03,3.61719011,-7.76089414
2.01E+03,3.617148494,-7.760935755
Step Information: X=214  ,,
2.00E+03,3.614547953,-7.80630167
2.01E+03,3.614515882,-7.806333741
Step Information: X=215  ,,
2.00E+03,3.627692656,-7.750274965
2.01E+03,3.627652493,-7.750315128
Step Information: X=216  ,,
2.00E+03,3.641337227,-7.768027824
2.01E+03,3.64129739,-7.768067662
Step Information: X=217  ,,
2.00E+03,3.732000002,-7.693294418
2.01E+03,3.731971193,-7.693323227
Step Information: X=218  ,,
2.00E+03,3.541768789,-7.89459238
2.01E+03,3.541742653,-7.894618517
Step Information: X=219  ,,
2.00E+03,3.549413456,-7.883794692
2.01E+03,3.549384661,-7.883823488
Step Information: X=220  ,,
2.00E+03,3.717911474,-7.686713256
2.01E+03,3.717888891,-7.686735839
Step Information: X=221  ,,
2.00E+03,3.585077543,-7.817927933
2.01E+03,3.585053787,-7.817951689
Step Information: X=222  ,,
2.00E+03,3.692039151,-7.708149802
2.01E+03,3.691999868,-7.708189085
Step Information: X=223  ,,
2.00E+03,3.633187128,-7.746739393
2.01E+03,3.633131491,-7.746795031
Step Information: X=224  ,,
2.00E+03,3.551232376,-7.851003224
2.01E+03,3.551192103,-7.851043497
Step Information: X=225  ,,
2.00E+03,3.509893649,-7.848632062
2.01E+03,3.509871665,-7.848654046
Step Information: X=226  ,,
2.00E+03,3.57353949,-7.853389604
2.01E+03,3.573488045,-7.853441049
Step Information: X=227  ,,
2.00E+03,3.667716295,-7.696016956
2.01E+03,3.667694932,-7.696038318
Step Information: X=228  ,,
2.00E+03,3.580932497,-7.851687482
2.01E+03,3.580908885,-7.851711094
Step Information: X=229  ,,
2.00E+03,3.672032178,-7.717007374
2.01E+03,3.672013661,-7.717025891
Step Information: X=230  ,,
2.00E+03,3.535378698,-7.833635204
2.01E+03,3.535331569,-7.833682333
Step Information: X=231  ,,
2.00E+03,3.663471474,-7.775361413
2.01E+03,3.663447662,-7.775385224
Step Information: X=232  ,,
2.00E+03,3.56448395,-7.814400001
2.01E+03,3.564433176,-7.814450774
Step Information: X=233  ,,
2.00E+03,3.692809537,-7.660759034
2.01E+03,3.69276662,-7.660801951
Step Information: X=234  ,,
2.00E+03,3.51457214,-7.90112704
2.01E+03,3.51453421,-7.90116497
Step Information: X=235  ,,
2.00E+03,3.630986373,-7.792533886
2.01E+03,3.630959376,-7.792560883
Step Information: X=236  ,,
2.00E+03,3.596342612,-7.811849607
2.01E+03,3.5962863,-7.811905918
Step Information: X=237  ,,
2.00E+03,3.604424061,-7.798905507
2.01E+03,3.604402351,-7.798927217
Step Information: X=238  ,,
2.00E+03,3.66646816,-7.742017415
2.01E+03,3.666428749,-7.742056826
Step Information: X=239  ,,
2.00E+03,3.691522427,-7.685049869
2.01E+03,3.691479984,-7.685092311
Step Information: X=240  ,,
2.00E+03,3.496927408,-7.885814565
2.01E+03,3.496905,-7.885836973
Step Information: X=241  ,,
2.00E+03,3.626642547,-7.737173417
2.01E+03,3.62661698,-7.737198985
Step Information: X=242  ,,
2.00E+03,3.652940059,-7.729364794
2.01E+03,3.652901273,-7.72940358
Step Information: X=243  ,,
2.00E+03,3.66304244,-7.732374318
2.01E+03,3.663019692,-7.732397066
Step Information: X=244  ,,
2.00E+03,3.544591522,-7.859709598
2.01E+03,3.544543491,-7.859757629
Step Information: X=245  ,,
2.00E+03,3.502397074,-7.871663966
2.01E+03,3.502380019,-7.871681021
Step Information: X=246  ,,
2.00E+03,3.436676559,-7.984967895
2.01E+03,3.436633396,-7.985011058
Step Information: X=247  ,,
2.00E+03,3.641813952,-7.775999336
2.01E+03,3.641784275,-7.776029012
Step Information: X=248  ,,
2.00E+03,3.633679649,-7.780758996
2.01E+03,3.633643068,-7.780795578
Step Information: X=249  ,,
2.00E+03,3.553830328,-7.828639146
2.01E+03,3.553812887,-7.828656586
Step Information: X=250  ,,
2.00E+03,3.677597194,-7.675901631
2.01E+03,3.677568119,-7.675930706
Step Information: X=251  ,,
2.00E+03,3.721448769,-7.666323114
2.01E+03,3.721398343,-7.66637354
Step Information: X=252  ,,
2.00E+03,3.558375969,-7.857941115
2.01E+03,3.558349925,-7.857967158
Step Information: X=253  ,,
2.00E+03,3.581248461,-7.782029718
2.01E+03,3.58119982,-7.78207836
Step Information: X=254  ,,
2.00E+03,3.545532874,-7.865251594
2.01E+03,3.5454947,-7.865289768
Step Information: X=255  ,,
2.00E+03,3.645819509,-7.780460702
2.01E+03,3.645784371,-7.780495841
Step Information: X=256  ,,
2.00E+03,3.580953418,-7.775417105
2.01E+03,3.580904696,-7.775465827
Step Information: X=257  ,,
2.00E+03,3.587044577,-7.780177888
2.01E+03,3.587031439,-7.780191026
Step Information: X=258  ,,
2.00E+03,3.542852332,-7.875344315
2.01E+03,3.542811115,-7.875385532
Step Information: X=259  ,,
2.00E+03,3.613608909,-7.798733461
2.01E+03,3.613589147,-7.798753224
Step Information: X=260  ,,
2.00E+03,3.73180231,-7.638509652
2.01E+03,3.731779291,-7.63853267
Step Information: X=261  ,,
2.00E+03,3.652205705,-7.751908562
2.01E+03,3.652185049,-7.751929218
Step Information: X=262  ,,
2.00E+03,3.628892828,-7.76803531
2.01E+03,3.628874753,-7.768053384
Step Information: X=263  ,,
2.00E+03,3.628130745,-7.805833037
2.01E+03,3.62809044,-7.805873342
Step Information: X=264  ,,
2.00E+03,3.723294742,-7.697872385
2.01E+03,3.723277223,-7.697889904
Step Information: X=265  ,,
2.00E+03,3.662356743,-7.765225872
2.01E+03,3.662341355,-7.76524126
Step Information: X=266  ,,
2.00E+03,3.579770945,-7.80195614
2.01E+03,3.579730577,-7.801996508
Step Information: X=267  ,,
2.00E+03,3.741931935,-7.652008092
2.01E+03,3.741886594,-7.652053433
Step Information: X=268  ,,
2.00E+03,3.553194957,-7.842152677
2.01E+03,3.553177394,-7.84217024
Step Information: X=269  ,,
2.00E+03,3.557039215,-7.863936907
2.01E+03,3.556996886,-7.863979236
Step Information: X=270  ,,
2.00E+03,3.57764057,-7.854821477
2.01E+03,3.577608713,-7.854853335
Step Information: X=271  ,,
2.00E+03,3.573617822,-7.818829621
2.01E+03,3.573588379,-7.818859064
Step Information: X=272  ,,
2.00E+03,3.677693221,-7.695661837
2.01E+03,3.677661848,-7.695693211
Step Information: X=273  ,,
2.00E+03,3.63871872,-7.759055598
2.01E+03,3.638695906,-7.759078412
Step Information: X=274  ,,
2.00E+03,3.670614019,-7.72312892
2.01E+03,3.670574019,-7.723168921
Step Information: X=275  ,,
2.00E+03,3.50471204,-7.848990428
2.01E+03,3.504690559,-7.849011909
Step Information: X=276  ,,
2.00E+03,3.533558057,-7.86403065
2.01E+03,3.53351537,-7.864073336
Step Information: X=277  ,,
2.00E+03,3.557690866,-7.862686159
2.01E+03,3.557658959,-7.862718066
Step Information: X=278  ,,
2.00E+03,3.580659787,-7.859429053
2.01E+03,3.580636175,-7.859452665
Step Information: X=279  ,,
2.00E+03,3.538013613,-7.90163825
2.01E+03,3.537960393,-7.90169147
Step Information: X=280  ,,
2.00E+03,3.601017902,-7.815343301
2.01E+03,3.600967477,-7.815393725
Step Information: X=281  ,,
2.00E+03,3.627705796,-7.740814664
2.01E+03,3.627657541,-7.740862919
Step Information: X=282  ,,
2.00E+03,3.544765659,-7.887917994
2.01E+03,3.544718117,-7.887965536
Step Information: X=283  ,,
2.00E+03,3.607341676,-7.818527926
2.01E+03,3.607291157,-7.818578445
Step Information: X=284  ,,
2.00E+03,3.574767029,-7.846885163
2.01E+03,3.574740365,-7.846911827
Step Information: X=285  ,,
2.00E+03,3.540923245,-7.869424928
2.01E+03,3.540887408,-7.869460765
Step Information: X=286  ,,
2.00E+03,3.543310263,-7.852186246
2.01E+03,3.543274498,-7.852222012
Step Information: X=287  ,,
2.00E+03,3.63513187,-7.764750331
2.01E+03,3.635102119,-7.764780081
Step Information: X=288  ,,
2.00E+03,3.608051063,-7.80926464
2.01E+03,3.608013206,-7.809302497
Step Information: X=289  ,,
2.00E+03,3.637450013,-7.716943928
2.01E+03,3.637423681,-7.71697026
Step Information: X=290  ,,
2.00E+03,3.601600838,-7.806680445
2.01E+03,3.601578755,-7.806702529
Step Information: X=291  ,,
2.00E+03,3.680649332,-7.743987272
2.01E+03,3.68063027,-7.744006333
Step Information: X=292  ,,
2.00E+03,3.632587785,-7.767960671
2.01E+03,3.632559458,-7.767988997
Step Information: X=293  ,,
2.00E+03,3.543217126,-7.869138281
2.01E+03,3.543170719,-7.869184687
Step Information: X=294  ,,
2.00E+03,3.716702684,-7.70473023
2.01E+03,3.716681734,-7.70475118
Step Information: X=295  ,,
2.00E+03,3.635950837,-7.753431445
2.01E+03,3.635893619,-7.753488663
Step Information: X=296  ,,
2.00E+03,3.780330421,-7.659710438
2.01E+03,3.780312454,-7.659728405
Step Information: X=297  ,,
2.00E+03,3.565348241,-7.824585338
2.01E+03,3.56530621,-7.824627369
Step Information: X=298  ,,
2.00E+03,3.506411695,-7.919016283
2.01E+03,3.506377276,-7.919050703
Step Information: X=299  ,,
2.00E+03,3.531954028,-7.852830319
2.01E+03,3.531897844,-7.852886503
Step Information: X=300  ,,
2.00E+03,3.636884458,-7.787037233
2.01E+03,3.636862115,-7.787059576
Step Information: X=301  ,,
2.00E+03,3.612892616,-7.773437828
2.01E+03,3.612851368,-7.773479075
Step Information: X=302  ,,
2.00E+03,3.63795314,-7.734416948
2.01E+03,3.637931657,-7.734438431
Step Information: X=303  ,,
2.00E+03,3.543273285,-7.860609332
2.01E+03,3.543251694,-7.860630923
Step Information: X=304  ,,
2.00E+03,3.65560738,-7.75629426
2.01E+03,3.655565905,-7.756335735
Step Information: X=305  ,,
2.00E+03,3.612364892,-7.748509874
2.01E+03,3.61232539,-7.748549376
Step Information: X=306  ,,
2.00E+03,3.720234554,-7.648716313
2.01E+03,3.720181904,-7.648768963
Step Information: X=307  ,,
2.00E+03,3.466995896,-7.927167798
2.01E+03,3.466950205,-7.927213489
Step Information: X=308  ,,
2.00E+03,3.563806947,-7.842785782
2.01E+03,3.563768652,-7.842824077
Step Information: X=309  ,,
2.00E+03,3.493416423,-7.920616383
2.01E+03,3.493396933,-7.920635873
Step Information: X=310  ,,
2.00E+03,3.656631403,-7.703260746
2.01E+03,3.656582963,-7.703309186
Step Information: X=311  ,,
2.00E+03,3.663558082,-7.74730474
2.01E+03,3.663523713,-7.747339109
Step Information: X=312  ,,
2.00E+03,3.581658463,-7.805262803
2.01E+03,3.581617325,-7.805303942
Step Information: X=313  ,,
2.00E+03,3.485765258,-7.888170437
2.01E+03,3.485735478,-7.888200218
Step Information: X=314  ,,
2.00E+03,3.723553582,-7.706602454
2.01E+03,3.723531008,-7.706625029
Step Information: X=315  ,,
2.00E+03,3.610723859,-7.821450271
2.01E+03,3.610671642,-7.821502488
Step Information: X=316  ,,
2.00E+03,3.588577349,-7.765019119
2.01E+03,3.588544227,-7.765052242
Step Information: X=317  ,,
2.00E+03,3.604392148,-7.758375517
2.01E+03,3.604374114,-7.758393552
Step Information: X=318  ,,
2.00E+03,3.561276939,-7.859154332
2.01E+03,3.561253825,-7.859177446
Step Information: X=319  ,,
2.00E+03,3.698614062,-7.662750214
2.01E+03,3.698582013,-7.662782263
Step Information: X=320  ,,
2.00E+03,3.521261718,-7.870318316
2.01E+03,3.521238217,-7.870341817
Step Information: X=321  ,,
2.00E+03,3.650595175,-7.758892828
2.01E+03,3.650539099,-7.758948904
Step Information: X=322  ,,
2.00E+03,3.640349104,-7.785030076
2.01E+03,3.640310064,-7.785069116
Step Information: X=323  ,,
2.00E+03,3.581942577,-7.801263258
2.01E+03,3.581916303,-7.801289533
Step Information: X=324  ,,
2.00E+03,3.618074144,-7.762150025
2.01E+03,3.6180258,-7.76219837
Step Information: X=325  ,,
2.00E+03,3.561739774,-7.857693869
2.01E+03,3.561694958,-7.857738684
Step Information: X=326  ,,
2.00E+03,3.641373223,-7.792509175
2.01E+03,3.641345218,-7.79253718
Step Information: X=327  ,,
2.00E+03,3.725962351,-7.65116943
2.01E+03,3.725906481,-7.651225299
Step Information: X=328  ,,
2.00E+03,3.641730136,-7.788913632
2.01E+03,3.641679846,-7.788963922
Step Information: X=329  ,,
2.00E+03,3.677589662,-7.747057224
2.01E+03,3.677537965,-7.74710892
Step Information: X=330  ,,
2.00E+03,3.620753158,-7.792761666
2.01E+03,3.620710627,-7.792804198
Step Information: X=331  ,,
2.00E+03,3.484128819,-7.90455715
2.01E+03,3.484078372,-7.904607598
Step Information: X=332  ,,
2.00E+03,3.669808578,-7.69316333
2.01E+03,3.669762451,-7.693209456
Step Information: X=333  ,,
2.00E+03,3.64641158,-7.755615615
2.01E+03,3.6463845,-7.755642695
Step Information: X=334  ,,
2.00E+03,3.529846899,-7.87269726
2.01E+03,3.529803199,-7.87274096
Step Information: X=335  ,,
2.00E+03,3.665769565,-7.742760529
2.01E+03,3.665740582,-7.742789512
Step Information: X=336  ,,
2.00E+03,3.632893185,-7.782130472
2.01E+03,3.632846286,-7.782177371
Step Information: X=337  ,,
2.00E+03,3.589121738,-7.775091147
2.01E+03,3.589078075,-7.77513481
Step Information: X=338  ,,
2.00E+03,3.57716975,-7.781832934
2.01E+03,3.577148717,-7.781853967
Step Information: X=339  ,,
2.00E+03,3.607154009,-7.821810913
2.01E+03,3.607130304,-7.821834618
Step Information: X=340  ,,
2.00E+03,3.573575019,-7.824133013
2.01E+03,3.573533593,-7.824174439
Step Information: X=341  ,,
2.00E+03,3.580599007,-7.801492602
2.01E+03,3.580577542,-7.801514067
Step Information: X=342  ,,
2.00E+03,3.502558448,-7.863710553
2.01E+03,3.502517128,-7.863751873
Step Information: X=343  ,,
2.00E+03,3.686348545,-7.73735444
2.01E+03,3.686331394,-7.737371592
Step Information: X=344  ,,
2.00E+03,3.664213119,-7.763138898
2.01E+03,3.664196428,-7.763155589
Step Information: X=345  ,,
2.00E+03,3.607093138,-7.823387232
2.01E+03,3.607071198,-7.823409172
Step Information: X=346  ,,
2.00E+03,3.480537648,-7.92738994
2.01E+03,3.480487776,-7.927439812
Step Information: X=347  ,,
2.00E+03,3.615989157,-7.80488112
2.01E+03,3.61596456,-7.804905717
Step Information: X=348  ,,
2.00E+03,3.586015673,-7.778894139
2.01E+03,3.585985226,-7.778924586
Step Information: X=349  ,,
2.00E+03,3.723141932,-7.71104053
2.01E+03,3.72312013,-7.711062332
Step Information: X=350  ,,
2.00E+03,3.595395048,-7.827187815
2.01E+03,3.595348446,-7.827234417
Step Information: X=351  ,,
2.00E+03,3.649105735,-7.770123589
2.01E+03,3.649081813,-7.77014751
Step Information: X=352  ,,
2.00E+03,3.594692504,-7.797669571
2.01E+03,3.594663784,-7.797698291
Step Information: X=353  ,,
2.00E+03,3.589988114,-7.809933759
2.01E+03,3.589955897,-7.809965976
Step Information: X=354  ,,
2.00E+03,3.57112636,-7.797618925
2.01E+03,3.571100777,-7.797644508
Step Information: X=355  ,,
2.00E+03,3.513227762,-7.885532284
2.01E+03,3.513204825,-7.88555522
Step Information: X=356  ,,
2.00E+03,3.466232535,-7.918783229
2.01E+03,3.46620665,-7.918809114
Step Information: X=357  ,,
2.00E+03,3.681648619,-7.706278806
2.01E+03,3.681615605,-7.70631182
Step Information: X=358  ,,
2.00E+03,3.569428625,-7.813251302
2.01E+03,3.569398706,-7.81328122
Step Information: X=359  ,,
2.00E+03,3.664842687,-7.76324447
2.01E+03,3.66481214,-7.763275016
Step Information: X=360  ,,
2.00E+03,3.666750077,-7.761575162
2.01E+03,3.666706002,-7.761619237
Step Information: X=361  ,,
2.00E+03,3.550064091,-7.86389325
2.01E+03,3.550014044,-7.863943296
Step Information: X=362  ,,
2.00E+03,3.559082027,-7.868603057
2.01E+03,3.559054078,-7.868631006
Step Information: X=363  ,,
2.00E+03,3.58682354,-7.85310367
2.01E+03,3.58678998,-7.853137229
Step Information: X=364  ,,
2.00E+03,3.625541899,-7.760315596
2.01E+03,3.625505978,-7.760351517
Step Information: X=365  ,,
2.00E+03,3.541548,-7.898603969
2.01E+03,3.541495575,-7.898656394
Step Information: X=366  ,,
2.00E+03,3.614333511,-7.779491997
2.01E+03,3.614294784,-7.779530724
Step Information: X=367  ,,
2.00E+03,3.644747036,-7.714995547
2.01E+03,3.64471782,-7.715024763
Step Information: X=368  ,,
2.00E+03,3.642201703,-7.788099915
2.01E+03,3.642182366,-7.788119252
Step Information: X=369  ,,
2.00E+03,3.626694947,-7.759068465
2.01E+03,3.626661675,-7.759101737
Step Information: X=370  ,,
2.00E+03,3.580683409,-7.790924674
2.01E+03,3.580668752,-7.790939331
Step Information: X=371  ,,
2.00E+03,3.691671684,-7.728369459
2.01E+03,3.69164342,-7.728397723
Step Information: X=372  ,,
2.00E+03,3.550551607,-7.829740196
2.01E+03,3.550525172,-7.82976663
Step Information: X=373  ,,
2.00E+03,3.517221441,-7.878352155
2.01E+03,3.517166067,-7.87840753
Step Information: X=374  ,,
2.00E+03,3.635438736,-7.792494784
2.01E+03,3.635397137,-7.792536383
Step Information: X=375  ,,
2.00E+03,3.618416362,-7.738712975
2.01E+03,3.618393404,-7.738735933
Step Information: X=376  ,,
2.00E+03,3.484592148,-7.938987308
2.01E+03,3.484545586,-7.93903387
Step Information: X=377  ,,
2.00E+03,3.604032656,-7.749982159
2.01E+03,3.604014903,-7.749999912
Step Information: X=378  ,,
2.00E+03,3.549055166,-7.833686807
2.01E+03,3.549035862,-7.833706111
Step Information: X=379  ,,
2.00E+03,3.615059652,-7.745745953
2.01E+03,3.615039971,-7.745765633
Step Information: X=380  ,,
2.00E+03,3.605842836,-7.782207932
2.01E+03,3.605813807,-7.78223696
Step Information: X=381  ,,
2.00E+03,3.595340839,-7.762796444
2.01E+03,3.59530971,-7.762827573
Step Information: X=382  ,,
2.00E+03,3.629237023,-7.752560278
2.01E+03,3.629208745,-7.752588557
Step Information: X=383  ,,
2.00E+03,3.540267122,-7.833409652
2.01E+03,3.540226298,-7.833450476
Step Information: X=384  ,,
2.00E+03,3.536779206,-7.865596183
2.01E+03,3.536743625,-7.865631764
Step Information: X=385  ,,
2.00E+03,3.746311569,-7.667130349
2.01E+03,3.746276043,-7.667165876
Step Information: X=386  ,,
2.00E+03,3.697665026,-7.742284914
2.01E+03,3.697625314,-7.742324627
Step Information: X=387  ,,
2.00E+03,3.523135205,-7.841898508
2.01E+03,3.523108317,-7.841925396
Step Information: X=388  ,,
2.00E+03,3.622200603,-7.736114269
2.01E+03,3.622178562,-7.73613631
Step Information: X=389  ,,
2.00E+03,3.626566052,-7.78313642
2.01E+03,3.626538761,-7.78316371
Step Information: X=390  ,,
2.00E+03,3.662034107,-7.768040188
2.01E+03,3.661990365,-7.76808393
Step Information: X=391  ,,
2.00E+03,3.607898514,-7.747063807
2.01E+03,3.607869749,-7.747092572
Step Information: X=392  ,,
2.00E+03,3.672840306,-7.753927254
2.01E+03,3.672792531,-7.753975029
Step Information: X=393  ,,
2.00E+03,3.727389905,-7.640214201
2.01E+03,3.727368877,-7.64023523
Step Information: X=394  ,,
2.00E+03,3.671929591,-7.749908299
2.01E+03,3.671902902,-7.749934988
Step Information: X=395  ,,
2.00E+03,3.594207804,-7.764792108
2.01E+03,3.594175221,-7.764824691
Step Information: X=396  ,,
2.00E+03,3.67943784,-7.679354121
2.01E+03,3.67938652,-7.67940544
Step Information: X=397  ,,
2.00E+03,3.623922651,-7.808845045
2.01E+03,3.623899548,-7.808868148
Step Information: X=398  ,,
2.00E+03,3.735509918,-7.698685256
2.01E+03,3.735489395,-7.698705779
Step Information: X=399  ,,
2.00E+03,3.653807355,-7.77658109
2.01E+03,3.653773706,-7.776614739
Step Information: X=400  ,,
2.00E+03,3.60973101,-7.766553254
2.01E+03,3.6097101,-7.766574164
Step Information: X=401  ,,
2.00E+03,3.578036735,-7.780735815
2.01E+03,3.577999206,-7.780773343
Step Information: X=402  ,,
2.00E+03,3.550270547,-7.818630985
2.01E+03,3.550221993,-7.818679538
Step Information: X=403  ,,
2.00E+03,3.577474905,-7.791503369
2.01E+03,3.57745027,-7.791528004
Step Information: X=404  ,,
2.00E+03,3.673455708,-7.734513807
2.01E+03,3.673421964,-7.734547551
Step Information: X=405  ,,
2.00E+03,3.640871105,-7.753779662
2.01E+03,3.640828394,-7.753822373
Step Information: X=406  ,,
2.00E+03,3.621020286,-7.763099065
2.01E+03,3.620990818,-7.763128533
Step Information: X=407  ,,
2.00E+03,3.642768831,-7.752179902
2.01E+03,3.642735985,-7.752212748
Step Information: X=408  ,,
2.00E+03,3.543360617,-7.847008934
2.01E+03,3.543324492,-7.84704506
Step Information: X=409  ,,
2.00E+03,3.680235046,-7.758413211
2.01E+03,3.680205821,-7.758442436
Step Information: X=410  ,,
2.00E+03,3.619476313,-7.796991286
2.01E+03,3.619425451,-7.797042147
Step Information: X=411  ,,
2.00E+03,3.549459101,-7.804126208
2.01E+03,3.549419413,-7.804165897
Step Information: X=412  ,,
2.00E+03,3.649774271,-7.749756088
2.01E+03,3.649738529,-7.74979183
Step Information: X=413  ,,
2.00E+03,3.667124279,-7.766610592
2.01E+03,3.667082664,-7.766652207
Step Information: X=414  ,,
2.00E+03,3.573833653,-7.833965521
2.01E+03,3.573812533,-7.833986641
Step Information: X=415  ,,
2.00E+03,3.722059838,-7.696274053
2.01E+03,3.722011271,-7.69632262
Step Information: X=416  ,,
2.00E+03,3.655732872,-7.704167585
2.01E+03,3.655715475,-7.704184983
Step Information: X=417  ,,
2.00E+03,3.549373178,-7.85784921
2.01E+03,3.549326342,-7.857896046
Step Information: X=418  ,,
2.00E+03,3.599550507,-7.765563044
2.01E+03,3.599496822,-7.765616728
Step Information: X=419  ,,
2.00E+03,3.587239152,-7.808214825
2.01E+03,3.587207243,-7.808246733
Step Information: X=420  ,,
2.00E+03,3.622768213,-7.754485738
2.01E+03,3.622751879,-7.754502071
Step Information: X=421  ,,
2.00E+03,3.667805005,-7.691760282
2.01E+03,3.667764647,-7.69180064
Step Information: X=422  ,,
2.00E+03,3.630045033,-7.80763391
2.01E+03,3.629994374,-7.807684569
Step Information: X=423  ,,
2.00E+03,3.601905738,-7.760690769
2.01E+03,3.601871615,-7.760724892
Step Information: X=424  ,,
2.00E+03,3.623801272,-7.752306322
2.01E+03,3.623750472,-7.752357123
Step Information: X=425  ,,
2.00E+03,3.652238752,-7.775684524
2.01E+03,3.652191279,-7.775731998
Step Information: X=426  ,,
2.00E+03,3.563250736,-7.828390712
2.01E+03,3.56320707,-7.828434378
Step Information: X=427  ,,
2.00E+03,3.559074783,-7.794421252
2.01E+03,3.559038578,-7.794457457
Step Information: X=428  ,,
2.00E+03,3.495919397,-7.87413256
2.01E+03,3.495867193,-7.874184764
Step Information: X=429  ,,
2.00E+03,3.633265066,-7.804570864
2.01E+03,3.633230639,-7.80460529
Step Information: X=430  ,,
2.00E+03,3.528809641,-7.868367927
2.01E+03,3.528778333,-7.868399235
Step Information: X=431  ,,
2.00E+03,3.554518609,-7.845678276
2.01E+03,3.554478726,-7.845718158
Step Information: X=432  ,,
2.00E+03,3.630075319,-7.756491502
2.01E+03,3.630049597,-7.756517224
Step Information: X=433  ,,
2.00E+03,3.68913341,-7.74837079
2.01E+03,3.689105521,-7.748398679
Step Information: X=434  ,,
2.00E+03,3.592479101,-7.765569375
2.01E+03,3.592441264,-7.765607212
Step Information: X=435  ,,
2.00E+03,3.555423953,-7.854581822
2.01E+03,3.555380099,-7.854625676
Step Information: X=436  ,,
2.00E+03,3.589111166,-7.814062958
2.01E+03,3.589073618,-7.814100506
Step Information: X=437  ,,
2.00E+03,3.650627735,-7.712023988
2.01E+03,3.650585504,-7.712066219
Step Information: X=438  ,,
2.00E+03,3.61912365,-7.757448645
2.01E+03,3.619105969,-7.757466326
Step Information: X=439  ,,
2.00E+03,3.657998705,-7.754625199
2.01E+03,3.657952032,-7.754671872
Step Information: X=440  ,,
2.00E+03,3.69938366,-7.686242643
2.01E+03,3.69935111,-7.686275192
Step Information: X=441  ,,
2.00E+03,3.652501081,-7.760719476
2.01E+03,3.652479449,-7.760741108
Step Information: X=442  ,,
2.00E+03,3.682532948,-7.756785352
2.01E+03,3.682488066,-7.756830233
Step Information: X=443  ,,
2.00E+03,3.540107302,-7.830281277
2.01E+03,3.540087194,-7.830301385
Step Information: X=444  ,,
2.00E+03,3.560876736,-7.859177328
2.01E+03,3.560843383,-7.859210681
Step Information: X=445  ,,
2.00E+03,3.683508483,-7.711937518
2.01E+03,3.683468769,-7.711977232
Step Information: X=446  ,,
2.00E+03,3.598503642,-7.795103442
2.01E+03,3.598458643,-7.79514844
Step Information: X=447  ,,
2.00E+03,3.564446106,-7.789663506
2.01E+03,3.564431303,-7.789678309
Step Information: X=448  ,,
2.00E+03,3.528362338,-7.894892772
2.01E+03,3.528307534,-7.894947576
Step Information: X=449  ,,
2.00E+03,3.582909313,-7.798096373
2.01E+03,3.582889062,-7.798116623
Step Information: X=450  ,,
2.00E+03,3.679393017,-7.75264604
2.01E+03,3.679358603,-7.752680454
Step Information: X=451  ,,
2.00E+03,3.673817306,-7.708538826
2.01E+03,3.673795174,-7.708560958
Step Information: X=452  ,,
2.00E+03,3.716427881,-7.667984992
2.01E+03,3.716408151,-7.668004723
Step Information: X=453  ,,
2.00E+03,3.618564004,-7.800344519
2.01E+03,3.618534508,-7.800374015
Step Information: X=454  ,,
2.00E+03,3.665323329,-7.731939135
2.01E+03,3.665301648,-7.731960816
Step Information: X=455  ,,
2.00E+03,3.511326455,-7.924923118
2.01E+03,3.511300943,-7.92494863
Step Information: X=456  ,,
2.00E+03,3.609212709,-7.746267517
2.01E+03,3.609168818,-7.746311407
Step Information: X=457  ,,
2.00E+03,3.665446307,-7.766258799
2.01E+03,3.665404539,-7.766300567
Step Information: X=458  ,,
2.00E+03,3.600210972,-7.775722635
2.01E+03,3.600179362,-7.775754245
Step Information: X=459  ,,
2.00E+03,3.595691617,-7.821349256
2.01E+03,3.595653704,-7.821387169
Step Information: X=460  ,,
2.00E+03,3.483633346,-7.889855321
2.01E+03,3.483595645,-7.889893021
Step Information: X=461  ,,
2.00E+03,3.638194923,-7.748393383
2.01E+03,3.638175837,-7.74841247
Step Information: X=462  ,,
2.00E+03,3.591825342,-7.776544288
2.01E+03,3.591785908,-7.776583722
Step Information: X=463  ,,
2.00E+03,3.518368383,-7.920009183
2.01E+03,3.518334752,-7.920042814
Step Information: X=464  ,,
2.00E+03,3.651996114,-7.726348458
2.01E+03,3.651943427,-7.726401145
Step Information: X=465  ,,
2.00E+03,3.678489866,-7.704869637
2.01E+03,3.678460864,-7.704898639
Step Information: X=466  ,,
2.00E+03,3.737208779,-7.653863752
2.01E+03,3.737182903,-7.653889628
Step Information: X=467  ,,
2.00E+03,3.641399246,-7.729580159
2.01E+03,3.641369351,-7.729610054
Step Information: X=468  ,,
2.00E+03,3.638567391,-7.780232447
2.01E+03,3.638548973,-7.780250865
Step Information: X=469  ,,
2.00E+03,3.60000539,-7.815673013
2.01E+03,3.599963564,-7.815714839
Step Information: X=470  ,,
2.00E+03,3.52124048,-7.897165908
2.01E+03,3.52120658,-7.897199808
Step Information: X=471  ,,
2.00E+03,3.605041402,-7.81446206
2.01E+03,3.605010749,-7.814492713
Step Information: X=472  ,,
2.00E+03,3.564791023,-7.859786455
2.01E+03,3.564750233,-7.859827246
Step Information: X=473  ,,
2.00E+03,3.654714023,-7.74121302
2.01E+03,3.654685884,-7.741241159
Step Information: X=474  ,,
2.00E+03,3.637058505,-7.790639387
2.01E+03,3.637016436,-7.790681456
Step Information: X=475  ,,
2.00E+03,3.614314961,-7.809004513
2.01E+03,3.614271319,-7.809048155
Step Information: X=476  ,,
2.00E+03,3.621177987,-7.805945934
2.01E+03,3.621125554,-7.805998367
Step Information: X=477  ,,
2.00E+03,3.597133401,-7.769264805
2.01E+03,3.597085345,-7.769312861
Step Information: X=478  ,,
2.00E+03,3.589761658,-7.77197026
2.01E+03,3.589733773,-7.771998145
Step Information: X=479  ,,
2.00E+03,3.739587791,-7.636924733
2.01E+03,3.739558599,-7.636953924
Step Information: X=480  ,,
2.00E+03,3.584278996,-7.771181744
2.01E+03,3.584247329,-7.771213411
Step Information: X=481  ,,
2.00E+03,3.687141889,-7.691517136
2.01E+03,3.687124962,-7.691534063
Step Information: X=482  ,,
2.00E+03,3.432239879,-7.933795405
2.01E+03,3.432189663,-7.933845621
Step Information: X=483  ,,
2.00E+03,3.620008634,-7.817305588
2.01E+03,3.619962552,-7.817351669
Step Information: X=484  ,,
2.00E+03,3.640900011,-7.726791932
2.01E+03,3.640876063,-7.72681588
Step Information: X=485  ,,
2.00E+03,3.619725028,-7.754464063
2.01E+03,3.619676627,-7.754512464
Step Information: X=486  ,,
2.00E+03,3.522181784,-7.904939573
2.01E+03,3.522138893,-7.904982464
Step Information: X=487  ,,
2.00E+03,3.617567056,-7.815434896
2.01E+03,3.617545904,-7.815456048
Step Information: X=488  ,,
2.00E+03,3.524729891,-7.879668589
2.01E+03,3.524671426,-7.879727053
Step Information: X=489  ,,
2.00E+03,3.522525676,-7.911081997
2.01E+03,3.52249031,-7.911117363
Step Information: X=490  ,,
2.00E+03,3.634274559,-7.73723242
2.01E+03,3.634245685,-7.737261294
Step Information: X=491  ,,
2.00E+03,3.547025765,-7.862404689
2.01E+03,3.546999047,-7.862431406
Step Information: X=492  ,,
2.00E+03,3.717633772,-7.650329857
2.01E+03,3.717610638,-7.650352992
Step Information: X=493  ,,
2.00E+03,3.748979017,-7.674554111
2.01E+03,3.748955303,-7.674577825
Step Information: X=494  ,,
2.00E+03,3.513701746,-7.881284226
2.01E+03,3.513670295,-7.881315676
Step Information: X=495  ,,
2.00E+03,3.592260142,-7.823135117
2.01E+03,3.59222113,-7.82317413
Step Information: X=496  ,,
2.00E+03,3.4725949,-7.927393089
2.01E+03,3.472563869,-7.92742412
Step Information: X=497  ,,
2.00E+03,3.472892453,-7.960246969
2.01E+03,3.472847296,-7.960292126
Step Information: X=498  ,,
2.00E+03,3.690217883,-7.695618109
2.01E+03,3.690193405,-7.695642587
Step Information: X=499  ,,
2.00E+03,3.604065412,-7.782399345
2.01E+03,3.604033215,-7.782431542
Step Information: X=500  ,,
2.00E+03,3.603566535,-7.774639751
2.01E+03,3.603515096,-7.774691189
Step Information: X=501  ,,
2.00E+03,3.530760599,-7.830808249
2.01E+03,3.530739368,-7.830829479
Step Information: X=502  ,,
2.00E+03,3.567125379,-7.824628206
2.01E+03,3.567095006,-7.824658579
Step Information: X=503  ,,
2.00E+03,3.624880423,-7.755857625
2.01E+03,3.624842135,-7.755895913
Step Information: X=504  ,,
2.00E+03,3.670561446,-7.722467343
2.01E+03,3.670542915,-7.722485875
Step Information: X=505  ,,
2.00E+03,3.589310617,-7.78707148
2.01E+03,3.589286475,-7.787095622
Step Information: X=506  ,,
2.00E+03,3.609286168,-7.788875155
2.01E+03,3.609230281,-7.788931042
Step Information: X=507  ,,
2.00E+03,3.677877973,-7.718888262
2.01E+03,3.677832067,-7.718934168
Step Information: X=508  ,,
2.00E+03,3.676453659,-7.677494233
2.01E+03,3.67643072,-7.677517173
Step Information: X=509  ,,
2.00E+03,3.704292593,-7.725740829
2.01E+03,3.70425921,-7.725774212
Step Information: X=510  ,,
2.00E+03,3.556849275,-7.824083427
2.01E+03,3.556827317,-7.824105385
Step Information: X=511  ,,
2.00E+03,3.586385733,-7.785408133
2.01E+03,3.586353426,-7.785440441
Step Information: X=512  ,,
2.00E+03,3.522906958,-7.879476342
2.01E+03,3.522868088,-7.879515212
Step Information: X=513  ,,
2.00E+03,3.600833474,-7.799707053
2.01E+03,3.600794315,-7.799746212
Step Information: X=514  ,,
2.00E+03,3.539644177,-7.829698531
2.01E+03,3.539587769,-7.829754939
Step Information: X=515  ,,
2.00E+03,3.659046933,-7.710577901
2.01E+03,3.659020167,-7.710604667
Step Information: X=516  ,,
2.00E+03,3.574241898,-7.784877216
2.01E+03,3.574206358,-7.784912756
Step Information: X=517  ,,
2.00E+03,3.602924112,-7.802809973
2.01E+03,3.602888218,-7.802845866
Step Information: X=518  ,,
2.00E+03,3.69852774,-7.734237409
2.01E+03,3.698481614,-7.734283535
Step Information: X=519  ,,
2.00E+03,3.737858538,-7.688277983
2.01E+03,3.737843992,-7.688292528
Step Information: X=520  ,,
2.00E+03,3.559030338,-7.867175465
2.01E+03,3.558983927,-7.867221876
Step Information: X=521  ,,
2.00E+03,3.530221812,-7.827415809
2.01E+03,3.530175261,-7.827462361
Step Information: X=522  ,,
2.00E+03,3.639040921,-7.779002921
2.01E+03,3.638995035,-7.779048807
Step Information: X=523  ,,
2.00E+03,3.57843903,-7.831739268
2.01E+03,3.578422141,-7.831756157
Step Information: X=524  ,,
2.00E+03,3.619356395,-7.777319586
2.01E+03,3.619320749,-7.777355232
Step Information: X=525  ,,
2.00E+03,3.764757819,-7.628481546
2.01E+03,3.764728182,-7.628511183
Step Information: X=526  ,,
2.00E+03,3.624333765,-7.765840562
2.01E+03,3.6242954,-7.765878927
Step Information: X=527  ,,
2.00E+03,3.711720014,-7.701375515
2.01E+03,3.711687256,-7.701408273
Step Information: X=528  ,,
2.00E+03,3.595467593,-7.772314922
2.01E+03,3.595431738,-7.772350776
Step Information: X=529  ,,
2.00E+03,3.54768356,-7.889164405
2.01E+03,3.547653096,-7.889194869
Step Information: X=530  ,,
2.00E+03,3.72088794,-7.672897617
2.01E+03,3.72086394,-7.672921617
Step Information: X=531  ,,
2.00E+03,3.646974218,-7.724171967
2.01E+03,3.64694641,-7.724199776
Step Information: X=532  ,,
2.00E+03,3.720728118,-7.700242842
2.01E+03,3.720696116,-7.700274843
Step Information: X=533  ,,
2.00E+03,3.736115539,-7.667638065
2.01E+03,3.736069938,-7.667683666
Step Information: X=534  ,,
2.00E+03,3.659806709,-7.735647267
2.01E+03,3.659754978,-7.735698999
Step Information: X=535  ,,
2.00E+03,3.657975489,-7.73332412
2.01E+03,3.657954328,-7.733345281
Step Information: X=536  ,,
2.00E+03,3.486663709,-7.90514327
2.01E+03,3.486620592,-7.905186387
Step Information: X=537  ,,
2.00E+03,3.685467298,-7.70273092
2.01E+03,3.685413081,-7.702785138
Step Information: X=538  ,,
2.00E+03,3.548843299,-7.862463391
2.01E+03,3.548801235,-7.862505456
Step Information: X=539  ,,
2.00E+03,3.624318274,-7.766297252
2.01E+03,3.62427835,-7.766337176
Step Information: X=540  ,,
2.00E+03,3.477423369,-7.961869655
2.01E+03,3.477372781,-7.961920243
Step Information: X=541  ,,
2.00E+03,3.695204956,-7.66815874
2.01E+03,3.695172533,-7.668191163
Step Information: X=542  ,,
2.00E+03,3.719800058,-7.66598486
2.01E+03,3.719754374,-7.666030544
Step Information: X=543  ,,
2.00E+03,3.713785038,-7.645982475
2.01E+03,3.713754081,-7.646013432
Step Information: X=544  ,,
2.00E+03,3.675242702,-7.73821484
2.01E+03,3.675199659,-7.738257882
Step Information: X=545  ,,
2.00E+03,3.590543038,-7.812378101
2.01E+03,3.590487383,-7.812433756
Step Information: X=546  ,,
2.00E+03,3.58208902,-7.844958
2.01E+03,3.582052761,-7.844994259
Step Information: X=547  ,,
2.00E+03,3.637971695,-7.738152208
2.01E+03,3.63791666,-7.738207243
Step Information: X=548  ,,
2.00E+03,3.652153265,-7.781708787
2.01E+03,3.652131279,-7.781730772
Step Information: X=549  ,,
2.00E+03,3.568854166,-7.81933333
2.01E+03,3.568831755,-7.81935574
Step Information: X=550  ,,
2.00E+03,3.677828502,-7.683477711
2.01E+03,3.677778982,-7.68352723
Step Information: X=551  ,,
2.00E+03,3.525134839,-7.832874781
2.01E+03,3.525082063,-7.832927556
Step Information: X=552  ,,
2.00E+03,3.65912304,-7.713711024
2.01E+03,3.659076389,-7.713757674
Step Information: X=553  ,,
2.00E+03,3.514635552,-7.917844328
2.01E+03,3.51461671,-7.91786317
Step Information: X=554  ,,
2.00E+03,3.602765439,-7.821403194
2.01E+03,3.602727904,-7.82144073
Step Information: X=555  ,,
2.00E+03,3.639893425,-7.727707937
2.01E+03,3.639877226,-7.727724136
Step Information: X=556  ,,
2.00E+03,3.598158981,-7.771775264
2.01E+03,3.598139039,-7.771795206
Step Information: X=557  ,,
2.00E+03,3.54165497,-7.811788054
2.01E+03,3.541633937,-7.811809087
Step Information: X=558  ,,
2.00E+03,3.585353934,-7.814128797
2.01E+03,3.585300335,-7.814182396
Step Information: X=559  ,,
2.00E+03,3.702111442,-7.684138403
2.01E+03,3.702073987,-7.684175858
Step Information: X=560  ,,
2.00E+03,3.637014643,-7.780783099
2.01E+03,3.636981998,-7.780815744
Step Information: X=561  ,,
2.00E+03,3.733502067,-7.639686635
2.01E+03,3.733481601,-7.6397071
Step Information: X=562  ,,
2.00E+03,3.543290703,-7.878080288
2.01E+03,3.543245106,-7.878125884
Step Information: X=563  ,,
2.00E+03,3.629583262,-7.742795016
2.01E+03,3.629550296,-7.742827981
Step Information: X=564  ,,
2.00E+03,3.600194096,-7.783235491
2.01E+03,3.600173664,-7.783255924
Step Information: X=565  ,,
2.00E+03,3.706398757,-7.729980165
2.01E+03,3.706370638,-7.730008284
Step Information: X=566  ,,
2.00E+03,3.559147202,-7.83949631
2.01E+03,3.559098345,-7.839545167
Step Information: X=567  ,,
2.00E+03,3.624578019,-7.791147132
2.01E+03,3.624531528,-7.791193623
Step Information: X=568  ,,
2.00E+03,3.668210096,-7.724792035
2.01E+03,3.668186959,-7.724815172
Step Information: X=569  ,,
2.00E+03,3.589154506,-7.830625593
2.01E+03,3.589102212,-7.830677887
Step Information: X=570  ,,
2.00E+03,3.567187126,-7.831718564
2.01E+03,3.567150449,-7.83175524
Step Information: X=571  ,,
2.00E+03,3.570457455,-7.804888688
2.01E+03,3.570405882,-7.804940261
Step Information: X=572  ,,
2.00E+03,3.537553317,-7.817871235
2.01E+03,3.537530429,-7.817894123
Step Information: X=573  ,,
2.00E+03,3.565053244,-7.85712499
2.01E+03,3.565021116,-7.857157118
Step Information: X=574  ,,
2.00E+03,3.629396625,-7.726186588
2.01E+03,3.629349294,-7.726233919
Step Information: X=575  ,,
2.00E+03,3.517650162,-7.886932479
2.01E+03,3.517613829,-7.886968813
Step Information: X=576  ,,
2.00E+03,3.62689872,-7.745343048
2.01E+03,3.626840467,-7.745401301
Step Information: X=577  ,,
2.00E+03,3.594486878,-7.79163937
2.01E+03,3.594461488,-7.79166476
Step Information: X=578  ,,
2.00E+03,3.593165996,-7.801585879
2.01E+03,3.593118951,-7.801632923
Step Information: X=579  ,,
2.00E+03,3.65727848,-7.780147201
2.01E+03,3.657235167,-7.780190514
Step Information: X=580  ,,
2.00E+03,3.543424587,-7.818788071
2.01E+03,3.543384272,-7.818828386
Step Information: X=581  ,,
2.00E+03,3.52265752,-7.89158083
2.01E+03,3.522602399,-7.891635952
Step Information: X=582  ,,
2.00E+03,3.570996784,-7.806563872
2.01E+03,3.570973475,-7.806587182
Step Information: X=583  ,,
2.00E+03,3.658686058,-7.732268905
2.01E+03,3.658638408,-7.732316554
Step Information: X=584  ,,
2.00E+03,3.573396733,-7.837609718
2.01E+03,3.573352248,-7.837654203
Step Information: X=585  ,,
2.00E+03,3.569902402,-7.838672208
2.01E+03,3.569869463,-7.838705147
Step Information: X=586  ,,
2.00E+03,3.578776233,-7.850937799
2.01E+03,3.578745324,-7.850968708
Step Information: X=587  ,,
2.00E+03,3.637458115,-7.723748552
2.01E+03,3.637415856,-7.723790811
Step Information: X=588  ,,
2.00E+03,3.742617617,-7.675835373
2.01E+03,3.742602603,-7.675850387
Step Information: X=589  ,,
2.00E+03,3.594202568,-7.81686655
2.01E+03,3.594157,-7.816912118
Step Information: X=590  ,,
2.00E+03,3.57117612,-7.852771298
2.01E+03,3.571153836,-7.852793581
Step Information: X=591  ,,
2.00E+03,3.583916664,-7.835015147
2.01E+03,3.583864021,-7.83506779
Step Information: X=592  ,,
2.00E+03,3.552015579,-7.827480526
2.01E+03,3.551967532,-7.827528573
Step Information: X=593  ,,
2.00E+03,3.580503655,-7.855537906
2.01E+03,3.580477139,-7.855564423
Step Information: X=594  ,,
2.00E+03,3.689802391,-7.742623991
2.01E+03,3.689761949,-7.742664432
Step Information: X=595  ,,
2.00E+03,3.575371868,-7.817622266
2.01E+03,3.575349624,-7.817644509
Step Information: X=596  ,,
2.00E+03,3.739790027,-7.6653843
2.01E+03,3.739748395,-7.665425931
Step Information: X=597  ,,
2.00E+03,3.709314638,-7.693851582
2.01E+03,3.709260212,-7.693906007
Step Information: X=598  ,,
2.00E+03,3.668248836,-7.745333682
2.01E+03,3.668223129,-7.745359389
Step Information: X=599  ,,
2.00E+03,3.624519564,-7.751310722
2.01E+03,3.62449013,-7.751340156
Step Information: X=600  ,,
2.00E+03,3.690725415,-7.720870973
2.01E+03,3.690688082,-7.720908306
Step Information: X=601  ,,
2.00E+03,3.655789048,-7.761928373
2.01E+03,3.655750214,-7.761967207
Step Information: X=602  ,,
2.00E+03,3.653274807,-7.768299999
2.01E+03,3.653219515,-7.768355291
Step Information: X=603  ,,
2.00E+03,3.667093487,-7.697772267
2.01E+03,3.667065832,-7.697799922
Step Information: X=604  ,,
2.00E+03,3.625045983,-7.802495642
2.01E+03,3.625007557,-7.802534068
Step Information: X=605  ,,
2.00E+03,3.673314869,-7.71021175
2.01E+03,3.673283646,-7.710242973
Step Information: X=606  ,,
2.00E+03,3.549937759,-7.853436593
2.01E+03,3.549892033,-7.853482319
Step Information: X=607  ,,
2.00E+03,3.744532183,-7.691169349
2.01E+03,3.744512115,-7.691189417
Step Information: X=608  ,,
2.00E+03,3.646054306,-7.746201047
2.01E+03,3.646018011,-7.746237343
Step Information: X=609  ,,
2.00E+03,3.591937513,-7.80201583
2.01E+03,3.591882947,-7.802070396
Step Information: X=610  ,,
2.00E+03,3.600159484,-7.829674653
2.01E+03,3.60014142,-7.829692716
Step Information: X=611  ,,
2.00E+03,3.717510839,-7.689223604
2.01E+03,3.717460264,-7.689274179
Step Information: X=612  ,,
2.00E+03,3.711638123,-7.681833082
2.01E+03,3.711612477,-7.681858729
Step Information: X=613  ,,
2.00E+03,3.658295024,-7.700349955
2.01E+03,3.658269824,-7.700375155
Step Information: X=614  ,,
2.00E+03,3.718285869,-7.709104585
2.01E+03,3.71822953,-7.709160925
Step Information: X=615  ,,
2.00E+03,3.593889251,-7.785019085
2.01E+03,3.593849592,-7.785058744
Step Information: X=616  ,,
2.00E+03,3.672086793,-7.731385021
2.01E+03,3.672060981,-7.731410833
Step Information: X=617  ,,
2.00E+03,3.706901146,-7.718922249
2.01E+03,3.706872822,-7.718950573
Step Information: X=618  ,,
2.00E+03,3.638237572,-7.792704829
2.01E+03,3.638214795,-7.792727605
Step Information: X=619  ,,
2.00E+03,3.580715007,-7.846065374
2.01E+03,3.580658599,-7.846121782
Step Information: X=620  ,,
2.00E+03,3.536354638,-7.829785138
2.01E+03,3.536328739,-7.829811038
Step Information: X=621  ,,
2.00E+03,3.467077888,-7.894540713
2.01E+03,3.467044546,-7.894574055
Step Information: X=622  ,,
2.00E+03,3.620529856,-7.801996318
2.01E+03,3.620506077,-7.802020098
Step Information: X=623  ,,
2.00E+03,3.466570872,-7.912191138
2.01E+03,3.466540787,-7.912221222
Step Information: X=624  ,,
2.00E+03,3.618684012,-7.769079825
2.01E+03,3.618636876,-7.76912696
Step Information: X=625  ,,
2.00E+03,3.688421356,-7.743429073
2.01E+03,3.688386082,-7.743464347
Step Information: X=626  ,,
2.00E+03,3.615716197,-7.818560331
2.01E+03,3.615671289,-7.818605239
Step Information: X=627  ,,
2.00E+03,3.554654098,-7.837112836
2.01E+03,3.554607567,-7.837159367
Step Information: X=628  ,,
2.00E+03,3.510232631,-7.898750376
2.01E+03,3.510181483,-7.898801525
Step Information: X=629  ,,
2.00E+03,3.526756261,-7.845190573
2.01E+03,3.526738481,-7.845208353
Step Information: X=630  ,,
2.00E+03,3.583437821,-7.826133883
2.01E+03,3.583400006,-7.826171698
Step Information: X=631  ,,
2.00E+03,3.709087882,-7.701356975
2.01E+03,3.709067712,-7.701377144
Step Information: X=632  ,,
2.00E+03,3.64433113,-7.774965443
2.01E+03,3.644308469,-7.774988104
Step Information: X=633  ,,
2.00E+03,3.638518855,-7.732285533
2.01E+03,3.63849915,-7.732305238
Step Information: X=634  ,,
2.00E+03,3.649012155,-7.762226664
2.01E+03,3.648962752,-7.762276067
Step Information: X=635  ,,
2.00E+03,3.494561126,-7.922593838
2.01E+03,3.494519038,-7.922635926
Step Information: X=636  ,,
2.00E+03,3.611066896,-7.803813795
2.01E+03,3.611027247,-7.803853443
Step Information: X=637  ,,
2.00E+03,3.599291577,-7.816415395
2.01E+03,3.599253962,-7.816453009
Step Information: X=638  ,,
2.00E+03,3.668231513,-7.750710648
2.01E+03,3.668177122,-7.750765039
Step Information: X=639  ,,
2.00E+03,3.587136918,-7.844323379
2.01E+03,3.587100912,-7.844359384
Step Information: X=640  ,,
2.00E+03,3.632247166,-7.735461245
2.01E+03,3.632206637,-7.735501774
Step Information: X=641  ,,
2.00E+03,3.694293664,-7.73162214
2.01E+03,3.694232701,-7.731683103
Step Information: X=642  ,,
2.00E+03,3.539113698,-7.850335507
2.01E+03,3.539072331,-7.850376874
Step Information: X=643  ,,
2.00E+03,3.629255502,-7.806522167
2.01E+03,3.629235216,-7.806542454
Step Information: X=644  ,,
2.00E+03,3.575745877,-7.808050215
2.01E+03,3.575716601,-7.808079492
Step Information: X=645  ,,
2.00E+03,3.623219772,-7.779719817
2.01E+03,3.623203972,-7.779735616
Step Information: X=646  ,,
2.00E+03,3.480550103,-7.935437314
2.01E+03,3.480528236,-7.93545918
Step Information: X=647  ,,
2.00E+03,3.527112927,-7.869650653
2.01E+03,3.527082824,-7.869680756
Step Information: X=648  ,,
2.00E+03,3.509578932,-7.920418724
2.01E+03,3.50953534,-7.920462316
Step Information: X=649  ,,
2.00E+03,3.573181684,-7.836978317
2.01E+03,3.573128462,-7.837031539
Step Information: X=650  ,,
2.00E+03,3.522097857,-7.858796998
2.01E+03,3.522068979,-7.858825876
Step Information: X=651  ,,
2.00E+03,3.608209424,-7.773952372
2.01E+03,3.608183521,-7.773978275
Step Information: X=652  ,,
2.00E+03,3.711099131,-7.718704342
2.01E+03,3.711057702,-7.718745772
Step Information: X=653  ,,
2.00E+03,3.671350118,-7.726988745
2.01E+03,3.671300768,-7.727038095
Step Information: X=654  ,,
2.00E+03,3.596467543,-7.800150034
2.01E+03,3.596431777,-7.800185799
Step Information: X=655  ,,
2.00E+03,3.744754224,-7.691256893
2.01E+03,3.744709901,-7.691301215
Step Information: X=656  ,,
2.00E+03,3.61381182,-7.74512987
2.01E+03,3.613764952,-7.745176739
Step Information: X=657  ,,
2.00E+03,3.572534979,-7.809637615
2.01E+03,3.572488153,-7.809684441
Step Information: X=658  ,,
2.00E+03,3.604925728,-7.786039923
2.01E+03,3.604886782,-7.786078869
Step Information: X=659  ,,
2.00E+03,3.589670215,-7.781902347
2.01E+03,3.589639488,-7.781933074
Step Information: X=660  ,,
2.00E+03,3.444106569,-7.916433401
2.01E+03,3.44405574,-7.916484231
Step Information: X=661  ,,
2.00E+03,3.592830222,-7.778786058
2.01E+03,3.592798266,-7.778818015
Step Information: X=662  ,,
2.00E+03,3.484958323,-7.913846742
2.01E+03,3.484927835,-7.91387723
Step Information: X=663  ,,
2.00E+03,3.599081783,-7.840537235
2.01E+03,3.599059839,-7.840559179
Step Information: X=664  ,,
2.00E+03,3.676439159,-7.754610418
2.01E+03,3.676404828,-7.754644749
Step Information: X=665  ,,
2.00E+03,3.607410108,-7.7920885
2.01E+03,3.607374515,-7.792124093
Step Information: X=666  ,,
2.00E+03,3.688974167,-7.738972157
2.01E+03,3.688960219,-7.738986106
Step Information: X=667  ,,
2.00E+03,3.52957298,-7.841305247
2.01E+03,3.529522272,-7.841355956
Step Information: X=668  ,,
2.00E+03,3.575865398,-7.805367309
2.01E+03,3.575834862,-7.805397846
Step Information: X=669  ,,
2.00E+03,3.65821358,-7.72536694
2.01E+03,3.658164685,-7.725415835
Step Information: X=670  ,,
2.00E+03,3.704715158,-7.722060094
2.01E+03,3.704686878,-7.722088375
Step Information: X=671  ,,
2.00E+03,3.623855537,-7.786573642
2.01E+03,3.623805831,-7.786623347
Step Information: X=672  ,,
2.00E+03,3.48269008,-7.930475779
2.01E+03,3.48266538,-7.93050048
Step Information: X=673  ,,
2.00E+03,3.673401509,-7.76577524
2.01E+03,3.673362997,-7.765813752
Step Information: X=674  ,,
2.00E+03,3.675697465,-7.754611815
2.01E+03,3.675658596,-7.754650684
Step Information: X=675  ,,
2.00E+03,3.75114865,-7.627355873
2.01E+03,3.751130015,-7.627374508
Step Information: X=676  ,,
2.00E+03,3.626906672,-7.782060632
2.01E+03,3.626880876,-7.782086427
Step Information: X=677  ,,
2.00E+03,3.489421044,-7.930302183
2.01E+03,3.4893813,-7.930341928
Step Information: X=678  ,,
2.00E+03,3.512283572,-7.864185478
2.01E+03,3.512230142,-7.864238908
Step Information: X=679  ,,
2.00E+03,3.696330824,-7.690703191
2.01E+03,3.696295177,-7.690738837
Step Information: X=680  ,,
2.00E+03,3.685061511,-7.669379809
2.01E+03,3.68503043,-7.66941089
Step Information: X=681  ,,
2.00E+03,3.609436117,-7.805408179
2.01E+03,3.60939273,-7.805451565
Step Information: X=682  ,,
2.00E+03,3.691314181,-7.66962421
2.01E+03,3.691278338,-7.669660053
Step Information: X=683  ,,
2.00E+03,3.574909162,-7.860543608
2.01E+03,3.574861804,-7.860590965
Step Information: X=684  ,,
2.00E+03,3.731577505,-7.702493081
2.01E+03,3.731526598,-7.702543987
Step Information: X=685  ,,
2.00E+03,3.6906804,-7.714535987
2.01E+03,3.690646086,-7.714570301
Step Information: X=686  ,,
2.00E+03,3.586875476,-7.803611724
2.01E+03,3.586851681,-7.803635519
Step Information: X=687  ,,
2.00E+03,3.539857474,-7.832927474
2.01E+03,3.539810206,-7.832974742
Step Information: X=688  ,,
2.00E+03,3.596516865,-7.833066822
2.01E+03,3.596485223,-7.833098465
Step Information: X=689  ,,
2.00E+03,3.55181937,-7.88571269
2.01E+03,3.551796918,-7.885735142
Step Information: X=690  ,,
2.00E+03,3.643426648,-7.751343851
2.01E+03,3.643403588,-7.75136691
Step Information: X=691  ,,
2.00E+03,3.603864837,-7.775812664
2.01E+03,3.603809119,-7.775868383
Step Information: X=692  ,,
2.00E+03,3.5441782,-7.813478858
2.01E+03,3.544143029,-7.813514029
Step Information: X=693  ,,
2.00E+03,3.629609838,-7.756411606
2.01E+03,3.629584591,-7.756436853
Step Information: X=694  ,,
2.00E+03,3.665379923,-7.770773261
2.01E+03,3.665335532,-7.770817652
Step Information: X=695  ,,
2.00E+03,3.749391361,-7.681275382
2.01E+03,3.749355528,-7.681311216
Step Information: X=696  ,,
2.00E+03,3.673119065,-7.74636371
2.01E+03,3.673092681,-7.746390094
Step Information: X=697  ,,
2.00E+03,3.564921812,-7.840270916
2.01E+03,3.564894289,-7.840298439
Step Information: X=698  ,,
2.00E+03,3.719588711,-7.684633462
2.01E+03,3.719530665,-7.684691508
Step Information: X=699  ,,
2.00E+03,3.555700687,-7.815188479
2.01E+03,3.555656743,-7.815232422
Step Information: X=700  ,,
2.00E+03,3.625465836,-7.808266491
2.01E+03,3.625433985,-7.808298343
Step Information: X=701  ,,
2.00E+03,3.642838877,-7.725333263
2.01E+03,3.642812448,-7.725359692
Step Information: X=702  ,,
2.00E+03,3.662321205,-7.745013948
2.01E+03,3.662275853,-7.7450593
Step Information: X=703  ,,
2.00E+03,3.585638573,-7.847966556
2.01E+03,3.585600624,-7.848004505
Step Information: X=704  ,,
2.00E+03,3.632519769,-7.79027693
2.01E+03,3.632477461,-7.790319238
Step Information: X=705  ,,
2.00E+03,3.501195825,-7.933545801
2.01E+03,3.501174646,-7.93356698
Step Information: X=706  ,,
2.00E+03,3.518751368,-7.890825567
2.01E+03,3.518694608,-7.890882327
Step Information: X=707  ,,
2.00E+03,3.716396606,-7.671533501
2.01E+03,3.716365633,-7.671564474
Step Information: X=708  ,,
2.00E+03,3.591543718,-7.821708094
2.01E+03,3.591517287,-7.821734524
Step Information: X=709  ,,
2.00E+03,3.723973992,-7.692083522
2.01E+03,3.7239423,-7.692115214
Step Information: X=710  ,,
2.00E+03,3.533554357,-7.853474289
2.01E+03,3.533519039,-7.853509607
Step Information: X=711  ,,
2.00E+03,3.7100634,-7.713153089
2.01E+03,3.710033915,-7.713182574
Step Information: X=712  ,,
2.00E+03,3.739319655,-7.692235004
2.01E+03,3.739286515,-7.692268143
Step Information: X=713  ,,
2.00E+03,3.580679456,-7.783401143
2.01E+03,3.580630701,-7.783449897
Step Information: X=714  ,,
2.00E+03,3.621602535,-7.791334077
2.01E+03,3.621557634,-7.791378978
Step Information: X=715  ,,
2.00E+03,3.657893658,-7.749530648
2.01E+03,3.657844865,-7.749579442
Step Information: X=716  ,,
2.00E+03,3.526540866,-7.895389858
2.01E+03,3.526489246,-7.895441479
Step Information: X=717  ,,
2.00E+03,3.666016178,-7.733530057
2.01E+03,3.665985274,-7.733560961
Step Information: X=718  ,,
2.00E+03,3.610932621,-7.795142923
2.01E+03,3.610880315,-7.795195228
Step Information: X=719  ,,
2.00E+03,3.479546791,-7.878568292
2.01E+03,3.479492368,-7.878622714
Step Information: X=720  ,,
2.00E+03,3.657109151,-7.771766244
2.01E+03,3.657052669,-7.771822726
Step Information: X=721  ,,
2.00E+03,3.6319358,-7.729533533
2.01E+03,3.631900111,-7.729569221
Step Information: X=722  ,,
2.00E+03,3.673897,-7.735941448
2.01E+03,3.673863323,-7.735975125
Step Information: X=723  ,,
2.00E+03,3.702034756,-7.716097147
2.01E+03,3.702013092,-7.716118811
Step Information: X=724  ,,
2.00E+03,3.576729796,-7.789731631
2.01E+03,3.576696852,-7.789764574
Step Information: X=725  ,,
2.00E+03,3.580665066,-7.77329398
2.01E+03,3.58062492,-7.773334127
Step Information: X=726  ,,
2.00E+03,3.457861824,-7.904328737
2.01E+03,3.457831657,-7.904358905
Step Information: X=727  ,,
2.00E+03,3.607699902,-7.783089368
2.01E+03,3.607666098,-7.783123172
Step Information: X=728  ,,
2.00E+03,3.562251919,-7.836598164
2.01E+03,3.562234273,-7.83661581
Step Information: X=729  ,,
2.00E+03,3.696975446,-7.723858687
2.01E+03,3.696941719,-7.723892413
Step Information: X=730  ,,
2.00E+03,3.647248561,-7.752654798
2.01E+03,3.647208494,-7.752694865
Step Information: X=731  ,,
2.00E+03,3.533472238,-7.897048984
2.01E+03,3.533449509,-7.897071713
Step Information: X=732  ,,
2.00E+03,3.627170031,-7.750271214
2.01E+03,3.627133494,-7.750307751
Step Information: X=733  ,,
2.00E+03,3.669495842,-7.739424348
2.01E+03,3.66945086,-7.73946933
Step Information: X=734  ,,
2.00E+03,3.692737351,-7.689950668
2.01E+03,3.692708859,-7.68997916
Step Information: X=735  ,,
2.00E+03,3.639480505,-7.795624385
2.01E+03,3.639430406,-7.795674484
Step Information: X=736  ,,
2.00E+03,3.728429252,-7.69494171
2.01E+03,3.728394898,-7.694976063
Step Information: X=737  ,,
2.00E+03,3.617832445,-7.750877201
2.01E+03,3.617792166,-7.75091748
Step Information: X=738  ,,
2.00E+03,3.646274269,-7.751526561
2.01E+03,3.646229647,-7.751571183
Step Information: X=739  ,,
2.00E+03,3.529430077,-7.872713198
2.01E+03,3.529382011,-7.872761264
Step Information: X=740  ,,
2.00E+03,3.695853706,-7.688965626
2.01E+03,3.695826654,-7.688992679
Step Information: X=741  ,,
2.00E+03,3.708224596,-7.731490428
2.01E+03,3.70819996,-7.731515063
Step Information: X=742  ,,
2.00E+03,3.556917009,-7.837587399
2.01E+03,3.556889981,-7.837614427
Step Information: X=743  ,,
2.00E+03,3.533812175,-7.827966723
2.01E+03,3.533763761,-7.828015137
Step Information: X=744  ,,
2.00E+03,3.678386359,-7.757685646
2.01E+03,3.678352729,-7.757719276
Step Information: X=745  ,,
2.00E+03,3.575727651,-7.825003142
2.01E+03,3.575675106,-7.825055687
Step Information: X=746  ,,
2.00E+03,3.63007826,-7.726439631
2.01E+03,3.630028668,-7.726489223
Step Information: X=747  ,,
2.00E+03,3.622764865,-7.795229763
2.01E+03,3.622728154,-7.795266474
Step Information: X=748  ,,
2.00E+03,3.628477858,-7.763011382
2.01E+03,3.62845127,-7.76303797
Step Information: X=749  ,,
2.00E+03,3.600892005,-7.839199361
2.01E+03,3.600853723,-7.839237642
Step Information: X=750  ,,
2.00E+03,3.642587086,-7.758896437
2.01E+03,3.642552643,-7.758930879
Step Information: X=751  ,,
2.00E+03,3.64287417,-7.791694662
2.01E+03,3.642832132,-7.7917367
Step Information: X=752  ,,
2.00E+03,3.626662713,-7.778577332
2.01E+03,3.626611264,-7.77862878
Step Information: X=753  ,,
2.00E+03,3.730757665,-7.661905829
2.01E+03,3.7307119,-7.661951594
Step Information: X=754  ,,
2.00E+03,3.537162117,-7.818340377
2.01E+03,3.537125166,-7.818377328
Step Information: X=755  ,,
2.00E+03,3.641147301,-7.718063283
2.01E+03,3.641100447,-7.718110138
Step Information: X=756  ,,
2.00E+03,3.675276637,-7.721064792
2.01E+03,3.67523016,-7.721111269
Step Information: X=757  ,,
2.00E+03,3.597264507,-7.838381186
2.01E+03,3.597219629,-7.838426065
Step Information: X=758  ,,
2.00E+03,3.619868594,-7.786164931
2.01E+03,3.61981679,-7.786216735
Step Information: X=759  ,,
2.00E+03,3.568248243,-7.802279873
2.01E+03,3.568218908,-7.802309207
Step Information: X=760  ,,
2.00E+03,3.74328019,-7.683743759
2.01E+03,3.74326175,-7.6837622
Step Information: X=761  ,,
2.00E+03,3.695568169,-7.740153667
2.01E+03,3.695539362,-7.740182474
Step Information: X=762  ,,
2.00E+03,3.669812367,-7.762754122
2.01E+03,3.669780776,-7.762785713
Step Information: X=763  ,,
2.00E+03,3.713706094,-7.719802351
2.01E+03,3.713665596,-7.719842849
Step Information: X=764  ,,
2.00E+03,3.694234559,-7.710984457
2.01E+03,3.694217382,-7.711001634
Step Information: X=765  ,,
2.00E+03,3.648769275,-7.763633059
2.01E+03,3.648731678,-7.763670657
Step Information: X=766  ,,
2.00E+03,3.462757814,-7.957200631
2.01E+03,3.462718801,-7.957239644
Step Information: X=767  ,,
2.00E+03,3.637367178,-7.753553045
2.01E+03,3.637343689,-7.753576534
Step Information: X=768  ,,
2.00E+03,3.653816094,-7.743788523
2.01E+03,3.65378889,-7.743815727
Step Information: X=769  ,,
2.00E+03,3.568571895,-7.846313995
2.01E+03,3.56854687,-7.84633902
Step Information: X=770  ,,
2.00E+03,3.700836197,-7.722810173
2.01E+03,3.70078762,-7.722858751
Step Information: X=771  ,,
2.00E+03,3.546755396,-7.855619992
2.01E+03,3.546709449,-7.85566594
Step Information: X=772  ,,
2.00E+03,3.505899954,-7.848014475
2.01E+03,3.505858744,-7.848055686
Step Information: X=773  ,,
2.00E+03,3.499940021,-7.91214159
2.01E+03,3.499916459,-7.912165152
Step Information: X=774  ,,
2.00E+03,3.48694237,-7.902659401
2.01E+03,3.486896412,-7.902705359
Step Information: X=775  ,,
2.00E+03,3.641967162,-7.721589604
2.01E+03,3.64192676,-7.721630006
Step Information: X=776  ,,
2.00E+03,3.661297165,-7.701006638
2.01E+03,3.661271088,-7.701032715
Step Information: X=777  ,,
2.00E+03,3.589187387,-7.770294779
2.01E+03,3.589134825,-7.770347342
Step Information: X=778  ,,
2.00E+03,3.544259835,-7.863916664
2.01E+03,3.544242735,-7.863933765
Step Information: X=779  ,,
2.00E+03,3.658114509,-7.715235096
2.01E+03,3.658093189,-7.715256416
Step Information: X=780  ,,
2.00E+03,3.62287899,-7.76183269
2.01E+03,3.622830805,-7.761880875
Step Information: X=781  ,,
2.00E+03,3.640719927,-7.73163378
2.01E+03,3.640696431,-7.731657277
Step Information: X=782  ,,
2.00E+03,3.571868546,-7.806085513
2.01E+03,3.57183047,-7.806123589
Step Information: X=783  ,,
2.00E+03,3.678545402,-7.746903122
2.01E+03,3.678511768,-7.746936756
Step Information: X=784  ,,
2.00E+03,3.646263683,-7.714890442
2.01E+03,3.646213289,-7.714940836
Step Information: X=785  ,,
2.00E+03,3.526997012,-7.850745446
2.01E+03,3.526944056,-7.850798402
Step Information: X=786  ,,
2.00E+03,3.546931971,-7.824495755
2.01E+03,3.546898469,-7.824529258
Step Information: X=787  ,,
2.00E+03,3.528480765,-7.852916766
2.01E+03,3.528454812,-7.852942719
Step Information: X=788  ,,
2.00E+03,3.566845693,-7.845804274
2.01E+03,3.566796313,-7.845853654
Step Information: X=789  ,,
2.00E+03,3.682256845,-7.714838472
2.01E+03,3.682233979,-7.714861338
Step Information: X=790  ,,
2.00E+03,3.585002506,-7.82010084
2.01E+03,3.584979834,-7.820123512
Step Information: X=791  ,,
2.00E+03,3.60976232,-7.77007218
2.01E+03,3.609732003,-7.770102498
Step Information: X=792  ,,
2.00E+03,3.610260276,-7.822996233
2.01E+03,3.610221268,-7.82303524
Step Information: X=793  ,,
2.00E+03,3.712476192,-7.684879118
2.01E+03,3.712443091,-7.684912219
Step Information: X=794  ,,
2.00E+03,3.567756237,-7.824072098
2.01E+03,3.567726738,-7.824101597
Step Information: X=795  ,,
2.00E+03,3.574489891,-7.819873456
2.01E+03,3.574458323,-7.819905024
Step Information: X=796  ,,
2.00E+03,3.714347134,-7.693016864
2.01E+03,3.714300296,-7.693063703
Step Information: X=797  ,,
2.00E+03,3.56327753,-7.853952622
2.01E+03,3.563249859,-7.853980293
Step Information: X=798  ,,
2.00E+03,3.661636485,-7.707032037
2.01E+03,3.661589247,-7.707079275
Step Information: X=799  ,,
2.00E+03,3.52598809,-7.879470102
2.01E+03,3.525945324,-7.879512868
Step Information: X=800  ,,
2.00E+03,3.691713978,-7.678535042
2.01E+03,3.691685801,-7.678563219
Step Information: X=801  ,,
2.00E+03,3.647044651,-7.708031859
2.01E+03,3.647016724,-7.708059786
Step Information: X=802  ,,
2.00E+03,3.56814829,-7.818499099
2.01E+03,3.568127234,-7.818520155
Step Information: X=803  ,,
2.00E+03,3.573038222,-7.840117218
2.01E+03,3.57299743,-7.84015801
Step Information: X=804  ,,
2.00E+03,3.621235229,-7.777249349
2.01E+03,3.621177575,-7.777307004
Step Information: X=805  ,,
2.00E+03,3.572049682,-7.807416638
2.01E+03,3.572035813,-7.807430506
Step Information: X=806  ,,
2.00E+03,3.511220048,-7.895328063
2.01E+03,3.511174448,-7.895373663
Step Information: X=807  ,,
2.00E+03,3.657609473,-7.713864713
2.01E+03,3.657562462,-7.713911724
Step Information: X=808  ,,
2.00E+03,3.617046024,-7.803708068
2.01E+03,3.617011476,-7.803742615
Step Information: X=809  ,,
2.00E+03,3.553694329,-7.831014659
2.01E+03,3.553664376,-7.831044612
Step Information: X=810  ,,
2.00E+03,3.709106623,-7.678517736
2.01E+03,3.709078961,-7.678545398
Step Information: X=811  ,,
2.00E+03,3.518810032,-7.877385322
2.01E+03,3.518765771,-7.877429583
Step Information: X=812  ,,
2.00E+03,3.708048218,-7.692925633
2.01E+03,3.708011431,-7.69296242
Step Information: X=813  ,,
2.00E+03,3.478268677,-7.949170462
2.01E+03,3.478230045,-7.949209094
Step Information: X=814  ,,
2.00E+03,3.618021863,-7.762956792
2.01E+03,3.61800566,-7.762972995
Step Information: X=815  ,,
2.00E+03,3.664467932,-7.706631777
2.01E+03,3.664421152,-7.706678557
Step Information: X=816  ,,
2.00E+03,3.642790384,-7.790407583
2.01E+03,3.642769634,-7.790428333
Step Information: X=817  ,,
2.00E+03,3.477029804,-7.906275783
2.01E+03,3.476983213,-7.906322374
Step Information: X=818  ,,
2.00E+03,3.595457997,-7.780190087
2.01E+03,3.595429943,-7.780218141
Step Information: X=819  ,,
2.00E+03,3.583842428,-7.770523642
2.01E+03,3.583812578,-7.770553492
Step Information: X=820  ,,
2.00E+03,3.570059496,-7.85548918
2.01E+03,3.570019455,-7.855529221
Step Information: X=821  ,,
2.00E+03,3.58792295,-7.806592104
2.01E+03,3.587872015,-7.806643038
Step Information: X=822  ,,
2.00E+03,3.601918873,-7.813816666
2.01E+03,3.601871418,-7.813864122
Step Information: X=823  ,,
2.00E+03,3.597925777,-7.784837777
2.01E+03,3.597895528,-7.784868025
Step Information: X=824  ,,
2.00E+03,3.582468159,-7.807417262
2.01E+03,3.582444099,-7.807441322
Step Information: X=825  ,,
2.00E+03,3.601027574,-7.778490192
2.01E+03,3.600990492,-7.778527274
Step Information: X=826  ,,
2.00E+03,3.535629185,-7.844519229
2.01E+03,3.535611839,-7.844536576
Step Information: X=827  ,,
2.00E+03,3.504977697,-7.863197186
2.01E+03,3.504934262,-7.863240621
Step Information: X=828  ,,
2.00E+03,3.507978625,-7.896706604
2.01E+03,3.50795996,-7.896725269
Step Information: X=829  ,,
2.00E+03,3.741856919,-7.676404468
2.01E+03,3.741820382,-7.676441006
Step Information: X=830  ,,
2.00E+03,3.744281848,-7.638700178
2.01E+03,3.744248874,-7.638733152
Step Information: X=831  ,,
2.00E+03,3.550456094,-7.817447168
2.01E+03,3.550410687,-7.817492575
Step Information: X=832  ,,
2.00E+03,3.7394149,-7.672838821
2.01E+03,3.739395319,-7.672858402
Step Information: X=833  ,,
2.00E+03,3.531173019,-7.834518449
2.01E+03,3.531148255,-7.834543213
Step Information: X=834  ,,
2.00E+03,3.546808052,-7.854590986
2.01E+03,3.546756239,-7.854642799
Step Information: X=835  ,,
2.00E+03,3.678406237,-7.737433178
2.01E+03,3.678369127,-7.737470288
Step Information: X=836  ,,
2.00E+03,3.557303586,-7.815331271
2.01E+03,3.557270399,-7.815364458
Step Information: X=837  ,,
2.00E+03,3.665900821,-7.768894161
2.01E+03,3.665881262,-7.76891372
Step Information: X=838  ,,
2.00E+03,3.676016653,-7.759194901
2.01E+03,3.675955914,-7.75925564
Step Information: X=839  ,,
2.00E+03,3.558567525,-7.813095205
2.01E+03,3.558538856,-7.813123873
Step Information: X=840  ,,
2.00E+03,3.424754389,-8.005327569
2.01E+03,3.42471659,-8.005365368
Step Information: X=841  ,,
2.00E+03,3.622091327,-7.776276681
2.01E+03,3.622048707,-7.776319301
Step Information: X=842  ,,
2.00E+03,3.660627837,-7.761261629
2.01E+03,3.660601865,-7.761287601
Step Information: X=843  ,,
2.00E+03,3.696947613,-7.693921834
2.01E+03,3.696901735,-7.693967712
Step Information: X=844  ,,
2.00E+03,3.546327116,-7.849063056
2.01E+03,3.546299359,-7.849090814
Step Information: X=845  ,,
2.00E+03,3.688287223,-7.673638128
2.01E+03,3.688240804,-7.673684547
Step Information: X=846  ,,
2.00E+03,3.693441347,-7.718348119
2.01E+03,3.693403249,-7.718386217
Step Information: X=847  ,,
2.00E+03,3.625509374,-7.730004254
2.01E+03,3.625474096,-7.730039533
Step Information: X=848  ,,
2.00E+03,3.619735322,-7.744546454
2.01E+03,3.619717943,-7.744563833
Step Information: X=849  ,,
2.00E+03,3.499701096,-7.930613291
2.01E+03,3.499655715,-7.930658672
Step Information: X=850  ,,
2.00E+03,3.579047922,-7.839917526
2.01E+03,3.579011432,-7.839954015
Step Information: X=851  ,,
2.00E+03,3.536416564,-7.834636666
2.01E+03,3.536397104,-7.834656126
Step Information: X=852  ,,
2.00E+03,3.57108201,-7.831135126
2.01E+03,3.571035459,-7.831181677
Step Information: X=853  ,,
2.00E+03,3.587585035,-7.781130094
2.01E+03,3.587557383,-7.781157745
Step Information: X=854  ,,
2.00E+03,3.549025457,-7.814241687
2.01E+03,3.549002659,-7.814264485
Step Information: X=855  ,,
2.00E+03,3.634582638,-7.753250928
2.01E+03,3.634545999,-7.753287568
Step Information: X=856  ,,
2.00E+03,3.716296431,-7.680995214
2.01E+03,3.7162738,-7.681017845
Step Information: X=857  ,,
2.00E+03,3.686685794,-7.729491132
2.01E+03,3.686660487,-7.729516438
Step Information: X=858  ,,
2.00E+03,3.535886194,-7.836838721
2.01E+03,3.535864462,-7.836860453
Step Information: X=859  ,,
2.00E+03,3.650875432,-7.719614382
2.01E+03,3.650851846,-7.719637968
Step Information: X=860  ,,
2.00E+03,3.605399261,-7.768503733
2.01E+03,3.605367298,-7.768535696
Step Information: X=861  ,,
2.00E+03,3.618796963,-7.747631479
2.01E+03,3.61877248,-7.747655963
Step Information: X=862  ,,
2.00E+03,3.563887466,-7.834594463
2.01E+03,3.563851284,-7.834630645
Step Information: X=863  ,,
2.00E+03,3.522364018,-7.86330799
2.01E+03,3.522329045,-7.863342964
Step Information: X=864  ,,
2.00E+03,3.713109971,-7.661482221
2.01E+03,3.713073798,-7.661518394
Step Information: X=865  ,,
2.00E+03,3.653175317,-7.749105123
2.01E+03,3.653131974,-7.749148466
Step Information: X=866  ,,
2.00E+03,3.530856315,-7.835019455
2.01E+03,3.530832121,-7.83504365
Step Information: X=867  ,,
2.00E+03,3.581942491,-7.852478931
2.01E+03,3.581902032,-7.85251939
Step Information: X=868  ,,
2.00E+03,3.592869855,-7.846370088
2.01E+03,3.592824962,-7.846414982
Step Information: X=869  ,,
2.00E+03,3.541418917,-7.826492578
2.01E+03,3.541400639,-7.826510855
Step Information: X=870  ,,
2.00E+03,3.717843493,-7.706919059
2.01E+03,3.717796894,-7.706965658
Step Information: X=871  ,,
2.00E+03,3.555618051,-7.839176392
2.01E+03,3.555601442,-7.839193
Step Information: X=872  ,,
2.00E+03,3.559713097,-7.868468789
2.01E+03,3.559668246,-7.868513639
Step Information: X=873  ,,
2.00E+03,3.600199016,-7.767885337
2.01E+03,3.60014663,-7.767937722
Step Information: X=874  ,,
2.00E+03,3.593412982,-7.827369512
2.01E+03,3.593390342,-7.827392152
Step Information: X=875  ,,
2.00E+03,3.653339821,-7.739902209
2.01E+03,3.653311803,-7.739930227
Step Information: X=876  ,,
2.00E+03,3.422817789,-7.943481453
2.01E+03,3.422788945,-7.943510298
Step Information: X=877  ,,
2.00E+03,3.586229954,-7.824162643
2.01E+03,3.586213532,-7.824179064
Step Information: X=878  ,,
2.00E+03,3.537082245,-7.890940899
2.01E+03,3.537057193,-7.890965951
Step Information: X=879  ,,
2.00E+03,3.671462274,-7.750060938
2.01E+03,3.671405684,-7.750117528
Step Information: X=880  ,,
2.00E+03,3.583920011,-7.792135934
2.01E+03,3.583905165,-7.792150781
Step Information: X=881  ,,
2.00E+03,3.732388747,-7.67955202
2.01E+03,3.732378792,-7.679561975
Step Information: X=882  ,,
2.00E+03,3.739798072,-7.681668383
2.01E+03,3.739751855,-7.6817146
Step Information: X=883  ,,
2.00E+03,3.52958805,-7.859446146
2.01E+03,3.529558178,-7.859476018
Step Information: X=884  ,,
2.00E+03,3.638416013,-7.798705654
2.01E+03,3.638394925,-7.798726742
Step Information: X=885  ,,
2.00E+03,3.663863227,-7.727999811
2.01E+03,3.663826782,-7.728036256
Step Information: X=886  ,,
2.00E+03,3.59872289,-7.793158833
2.01E+03,3.598678457,-7.793203266
Step Information: X=887  ,,
2.00E+03,3.509694488,-7.849338692
2.01E+03,3.50966458,-7.849368599
Step Information: X=888  ,,
2.00E+03,3.555742495,-7.871517265
2.01E+03,3.555690915,-7.871568846
Step Information: X=889  ,,
2.00E+03,3.670594525,-7.739100101
2.01E+03,3.670550715,-7.73914391
Step Information: X=890  ,,
2.00E+03,3.626234605,-7.761644551
2.01E+03,3.626205896,-7.761673261
Step Information: X=891  ,,
2.00E+03,3.616120868,-7.75486674
2.01E+03,3.616072516,-7.754915092
Step Information: X=892  ,,
2.00E+03,3.615844844,-7.807157913
2.01E+03,3.615816086,-7.807186671
Step Information: X=893  ,,
2.00E+03,3.591021455,-7.839742289
2.01E+03,3.590995601,-7.839768142
Step Information: X=894  ,,
2.00E+03,3.560954259,-7.834119482
2.01E+03,3.560910432,-7.83416331
Step Information: X=895  ,,
2.00E+03,3.660711404,-7.771847444
2.01E+03,3.660681959,-7.771876889
Step Information: X=896  ,,
2.00E+03,3.72777017,-7.686598247
2.01E+03,3.72775011,-7.686618307
Step Information: X=897  ,,
2.00E+03,3.649782531,-7.727419839
2.01E+03,3.649761335,-7.727441035
Step Information: X=898  ,,
2.00E+03,3.614247386,-7.783174236
2.01E+03,3.61421388,-7.783207742
Step Information: X=899  ,,
2.00E+03,3.648347719,-7.716132433
2.01E+03,3.64831163,-7.716168523
Step Information: X=900  ,,
2.00E+03,3.551069498,-7.819499654
2.01E+03,3.551030466,-7.819538685
Step Information: X=901  ,,
2.00E+03,3.533427707,-7.823090183
2.01E+03,3.533386974,-7.823130916
Step Information: X=902  ,,
2.00E+03,3.536022532,-7.828058067
2.01E+03,3.535992291,-7.828088307
Step Information: X=903  ,,
2.00E+03,3.551246372,-7.874995354
2.01E+03,3.551186438,-7.875055288
Step Information: X=904  ,,
2.00E+03,3.687879244,-7.720590618
2.01E+03,3.687861834,-7.720608028
Step Information: X=905  ,,
2.00E+03,3.716093153,-7.677260807
2.01E+03,3.716054753,-7.677299208
Step Information: X=906  ,,
2.00E+03,3.602800936,-7.820624085
2.01E+03,3.602753004,-7.820672017
Step Information: X=907  ,,
2.00E+03,3.639592064,-7.755697076
2.01E+03,3.63954632,-7.75574282
Step Information: X=908  ,,
2.00E+03,3.650575712,-7.706106199
2.01E+03,3.65054196,-7.706139951
Step Information: X=909  ,,
2.00E+03,3.536199158,-7.877792013
2.01E+03,3.536180355,-7.877810816
Step Information: X=910  ,,
2.00E+03,3.708750605,-7.723196692
2.01E+03,3.708717135,-7.723230162
Step Information: X=911  ,,
2.00E+03,3.568157733,-7.82299495
2.01E+03,3.568119072,-7.823033611
Step Information: X=912  ,,
2.00E+03,3.64659936,-7.73882527
2.01E+03,3.646550929,-7.738873701
Step Information: X=913  ,,
2.00E+03,3.538062579,-7.896712077
2.01E+03,3.538041147,-7.896733509
Step Information: X=914  ,,
2.00E+03,3.586394728,-7.846897413
2.01E+03,3.586364685,-7.846927455
Step Information: X=915  ,,
2.00E+03,3.580669133,-7.830399986
2.01E+03,3.580621187,-7.830447932
Step Information: X=916  ,,
2.00E+03,3.738681348,-7.673934737
2.01E+03,3.738656471,-7.673959614
Step Information: X=917  ,,
2.00E+03,3.648824729,-7.754180746
2.01E+03,3.648804439,-7.754201036
Step Information: X=918  ,,
2.00E+03,3.461907747,-7.962970456
2.01E+03,3.46185686,-7.963021343
Step Information: X=919  ,,
2.00E+03,3.57511808,-7.818941776
2.01E+03,3.575067371,-7.818992485
Step Information: X=920  ,,
2.00E+03,3.719381921,-7.690108698
2.01E+03,3.719365389,-7.69012523
Step Information: X=921  ,,
2.00E+03,3.644187426,-7.748473401
2.01E+03,3.644147622,-7.748513205
Step Information: X=922  ,,
2.00E+03,3.584571825,-7.814688605
2.01E+03,3.584536054,-7.814724377
Step Information: X=923  ,,
2.00E+03,3.574090677,-7.809656916
2.01E+03,3.574039913,-7.80970768
Step Information: X=924  ,,
2.00E+03,3.542844618,-7.811577194
2.01E+03,3.542799782,-7.81162203
Step Information: X=925  ,,
2.00E+03,3.645381955,-7.743855753
2.01E+03,3.645355341,-7.743882367
Step Information: X=926  ,,
2.00E+03,3.665898634,-7.730246252
2.01E+03,3.665867633,-7.730277253
Step Information: X=927  ,,
2.00E+03,3.652703267,-7.702629415
2.01E+03,3.652658786,-7.702673896
Step Information: X=928  ,,
2.00E+03,3.614858784,-7.768489936
2.01E+03,3.614824319,-7.768524401
Step Information: X=929  ,,
2.00E+03,3.518175372,-7.903706358
2.01E+03,3.518118777,-7.903762953
Step Information: X=930  ,,
2.00E+03,3.596610198,-7.79603996
2.01E+03,3.596577664,-7.796072495
Step Information: X=931  ,,
2.00E+03,3.69286285,-7.711211935
2.01E+03,3.692835966,-7.71123882
Step Information: X=932  ,,
2.00E+03,3.683605816,-7.730065216
2.01E+03,3.683583266,-7.730087767
Step Information: X=933  ,,
2.00E+03,3.551412796,-7.812896534
2.01E+03,3.551372173,-7.812937158
Step Information: X=934  ,,
2.00E+03,3.546205061,-7.829143802
2.01E+03,3.546165093,-7.82918377
Step Information: X=935  ,,
2.00E+03,3.571110525,-7.839736626
2.01E+03,3.571063817,-7.839783335
Step Information: X=936  ,,
2.00E+03,3.643262307,-7.763650555
2.01E+03,3.643247025,-7.763665838
Step Information: X=937  ,,
2.00E+03,3.694754296,-7.744541256
2.01E+03,3.694698046,-7.744597506
Step Information: X=938  ,,
2.00E+03,3.511887471,-7.914128433
2.01E+03,3.511859531,-7.914156372
Step Information: X=939  ,,
2.00E+03,3.714470592,-7.717333948
2.01E+03,3.714442646,-7.717361894
Step Information: X=940  ,,
2.00E+03,3.632887508,-7.733073523
2.01E+03,3.632845166,-7.733115865
Step Information: X=941  ,,
2.00E+03,3.618530698,-7.814282836
2.01E+03,3.618491742,-7.814321791
Step Information: X=942  ,,
2.00E+03,3.638595768,-7.743468844
2.01E+03,3.638573813,-7.7434908
Step Information: X=943  ,,
2.00E+03,3.626504135,-7.765756554
2.01E+03,3.626481387,-7.765779302
Step Information: X=944  ,,
2.00E+03,3.724817887,-7.71433611
2.01E+03,3.724784116,-7.714369881
Step Information: X=945  ,,
2.00E+03,3.679862756,-7.713179363
2.01E+03,3.679811222,-7.713230897
Step Information: X=946  ,,
2.00E+03,3.639707424,-7.736027686
2.01E+03,3.63968245,-7.736052661
Step Information: X=947  ,,
2.00E+03,3.537847822,-7.859340358
2.01E+03,3.537796879,-7.859391301
Step Information: X=948  ,,
2.00E+03,3.613639541,-7.808933016
2.01E+03,3.613625501,-7.808947055
Step Information: X=949  ,,
2.00E+03,3.602445087,-7.783971319
2.01E+03,3.60239565,-7.784020756
Step Information: X=950  ,,
2.00E+03,3.699765882,-7.732637571
2.01E+03,3.699740702,-7.73266275
Step Information: X=951  ,,
2.00E+03,3.619180725,-7.748749977
2.01E+03,3.619167621,-7.748763082
Step Information: X=952  ,,
2.00E+03,3.607407393,-7.793827933
2.01E+03,3.607366259,-7.793869067
Step Information: X=953  ,,
2.00E+03,3.702369004,-7.737828415
2.01E+03,3.702345391,-7.737852028
Step Information: X=954  ,,
2.00E+03,3.756596901,-7.667870028
2.01E+03,3.756578261,-7.667888668
Step Information: X=955  ,,
2.00E+03,3.459798625,-7.918602882
2.01E+03,3.459776758,-7.918624749
Step Information: X=956  ,,
2.00E+03,3.599744719,-7.76446541
2.01E+03,3.599708296,-7.764501833
Step Information: X=957  ,,
2.00E+03,3.616947539,-7.79210875
2.01E+03,3.616915681,-7.792140608
Step Information: X=958  ,,
2.00E+03,3.726866286,-7.654471804
2.01E+03,3.726821895,-7.654516195
Step Information: X=959  ,,
2.00E+03,3.522489048,-7.868880008
2.01E+03,3.522446998,-7.868922058
Step Information: X=960  ,,
2.00E+03,3.655598853,-7.781497476
2.01E+03,3.655566998,-7.78152933
Step Information: X=961  ,,
2.00E+03,3.681013482,-7.68130413
2.01E+03,3.68096295,-7.681354662
Step Information: X=962  ,,
2.00E+03,3.706886741,-7.673808045
2.01E+03,3.706842265,-7.67385252
Step Information: X=963  ,,
2.00E+03,3.499479367,-7.859237719
2.01E+03,3.49946358,-7.859253506
Step Information: X=964  ,,
2.00E+03,3.612800391,-7.813100013
2.01E+03,3.61274681,-7.813153594
Step Information: X=965  ,,
2.00E+03,3.640171602,-7.756238872
2.01E+03,3.640143444,-7.756267031
Step Information: X=966  ,,
2.00E+03,3.579517797,-7.781412295
2.01E+03,3.579500257,-7.781429835
Step Information: X=967  ,,
2.00E+03,3.5778679,-7.842798396
2.01E+03,3.577835006,-7.84283129
Step Information: X=968  ,,
2.00E+03,3.550164764,-7.866992792
2.01E+03,3.550120306,-7.867037251
Step Information: X=969  ,,
2.00E+03,3.489288646,-7.943540166
2.01E+03,3.489258672,-7.94357014
Step Information: X=970  ,,
2.00E+03,3.485959127,-7.895654519
2.01E+03,3.485926547,-7.895687099
Step Information: X=971  ,,
2.00E+03,3.54999902,-7.859876034
2.01E+03,3.549945568,-7.859929486
Step Information: X=972  ,,
2.00E+03,3.608211444,-7.826784228
2.01E+03,3.608181052,-7.826814621
Step Information: X=973  ,,
2.00E+03,3.642696993,-7.75552793
2.01E+03,3.642669889,-7.755555034
Step Information: X=974  ,,
2.00E+03,3.482985133,-7.882100889
2.01E+03,3.482934169,-7.882151852
Step Information: X=975  ,,
2.00E+03,3.519113257,-7.903144887
2.01E+03,3.519078913,-7.903179231
Step Information: X=976  ,,
2.00E+03,3.636958982,-7.733358452
2.01E+03,3.636923078,-7.733394356
Step Information: X=977  ,,
2.00E+03,3.691365238,-7.701884788
2.01E+03,3.691342164,-7.701907862
Step Information: X=978  ,,
2.00E+03,3.515154512,-7.869764387
2.01E+03,3.515111126,-7.869807773
Step Information: X=979  ,,
2.00E+03,3.666223842,-7.769810108
2.01E+03,3.666189994,-7.769843957
Step Information: X=980  ,,
2.00E+03,3.605305099,-7.828745144
2.01E+03,3.605281068,-7.828769175
Step Information: X=981  ,,
2.00E+03,3.63267566,-7.736469779
2.01E+03,3.632639012,-7.736506427
Step Information: X=982  ,,
2.00E+03,3.76183597,-7.665344339
2.01E+03,3.761798023,-7.665382287
Step Information: X=983  ,,
2.00E+03,3.665306511,-7.712655686
2.01E+03,3.665283946,-7.71267825
Step Information: X=984  ,,
2.00E+03,3.717040104,-7.700615127
2.01E+03,3.717021948,-7.700633283
Step Information: X=985  ,,
2.00E+03,3.636456914,-7.77788289
2.01E+03,3.636437848,-7.777901956
Step Information: X=986  ,,
2.00E+03,3.69969484,-7.738518245
2.01E+03,3.699670383,-7.738542703
Step Information: X=987  ,,
2.00E+03,3.645768593,-7.723163088
2.01E+03,3.645741703,-7.723189979
Step Information: X=988  ,,
2.00E+03,3.692301264,-7.735729563
2.01E+03,3.69225926,-7.735771566
Step Information: X=989  ,,
2.00E+03,3.612588234,-7.741708154
2.01E+03,3.612545276,-7.741751111
Step Information: X=990  ,,
2.00E+03,3.561014352,-7.813027615
2.01E+03,3.560991329,-7.813050638
Step Information: X=991  ,,
2.00E+03,3.641343723,-7.742339201
2.01E+03,3.641312619,-7.742370305
Step Information: X=992  ,,
2.00E+03,3.6645579,-7.765174021
2.01E+03,3.664510773,-7.765221148
Step Information: X=993  ,,
2.00E+03,3.670858272,-7.746174822
2.01E+03,3.670816238,-7.746216856
Step Information: X=994  ,,
2.00E+03,3.508943326,-7.924445522
2.01E+03,3.508911528,-7.92447732
Step Information: X=995  ,,
2.00E+03,3.600194155,-7.829146681
2.01E+03,3.600155991,-7.829184846
Step Information: X=996  ,,
2.00E+03,3.595951107,-7.800623992
2.01E+03,3.59591647,-7.800658628
Step Information: X=997  ,,
2.00E+03,3.603023391,-7.81086108
2.01E+03,3.602970598,-7.810913873
Step Information: X=998  ,,
2.00E+03,3.501148823,-7.854896291
2.01E+03,3.501115079,-7.854930035
Step Information: X=999  ,,
2.00E+03,3.510169597,-7.889773434
2.01E+03,3.510146298,-7.889796733
Step Information: X=1K  ,,
2.00E+03,3.607922881,-7.781764531
2.01E+03,3.607906348,-7.781781063
Step Information: X=6.4119329e-293f  ,,
2.00E+03,3.636576164,-7.790488801
2.01E+03,3.63652215,-7.790542815
